,loan_amount,loan_tenure,monthly_income,interest_rate
0,25000.0,60.0,8606.56,18.49
1,19750.0,60.0,6737.5,17.27
2,2100.0,36.0,1000.0,14.33
3,28000.0,36.0,7083.33,16.29
4,24250.0,60.0,5833.33,12.23
5,5400.0,36.0,3000.0,8.9
6,16000.0,60.0,4791.67,22.47
7,6400.0,36.0,6400.0,7.51
8,24000.0,60.0,8333.33,12.99
9,8000.0,36.0,3500.0,7.62
10,9000.0,36.0,5166.67,10.16
11,13000.0,60.0,10500.0,9.99
12,10000.0,36.0,2541.67,14.22
13,3600.0,36.0,5113.0,13.67
14,7350.0,60.0,5000.0,10.74
15,17000.0,60.0,4666.67,11.99
16,18825.0,60.0,4583.33,21.0
17,4200.0,36.0,2083.33,17.27
18,5000.0,36.0,3416.67,11.54
19,3700.0,36.0,4985.0,7.88
20,6625.0,36.0,2916.67,17.77
21,15000.0,36.0,5000.0,12.12
22,29175.0,60.0,12500.0,21.0
23,6000.0,36.0,4166.67,11.89
24,10000.0,36.0,4583.0,13.47
25,22000.0,60.0,3912.0,14.65
26,18000.0,60.0,4000.0,24.89
27,12000.0,36.0,5000.0,8.9
28,24000.0,36.0,6833.33,7.62
29,5000.0,36.0,1833.33,12.12
30,6500.0,36.0,1750.0,11.89
31,4000.0,36.0,4700.0,11.49
32,16000.0,36.0,6250.0,16.82
33,7300.0,36.0,3090.5,7.88
34,25000.0,60.0,5666.67,15.58
35,19400.0,60.0,6000.0,23.28
36,11625.0,36.0,2860.0,15.8
37,10000.0,36.0,4375.0,12.12
38,24000.0,36.0,9583.33,6.54
39,3000.0,36.0,7750.0,11.14
40,19000.0,60.0,4791.67,11.71
41,2500.0,36.0,2530.0,15.31
42,12000.0,36.0,5000.0,12.12
43,17350.0,36.0,3666.67,13.55
44,24000.0,60.0,7750.0,13.61
45,21000.0,60.0,5333.33,14.27
46,12000.0,36.0,4833.33,13.11
47,5000.0,36.0,2600.0,8.63
48,5000.0,36.0,2083.33,9.32
49,20000.0,60.0,4500.0,11.99
50,12000.0,60.0,7500.0,16.89
51,8000.0,36.0,2833.33,17.27
52,1900.0,36.0,2208.33,7.29
53,23300.0,60.0,13666.67,23.83
54,8400.0,36.0,7083.33,15.45
55,8000.0,36.0,3500.0,14.09
56,10000.0,36.0,6250.0,12.12
57,1600.0,36.0,3459.0,13.11
58,7200.0,36.0,3333.33,15.8
59,15000.0,36.0,4333.33,17.77
60,15400.0,60.0,6500.0,16.32
61,15000.0,36.0,3000.0,17.27
62,12000.0,36.0,3333.33,9.88
63,21000.0,60.0,10250.0,18.75
64,6000.0,36.0,15416.67,10.0
65,12000.0,36.0,9833.33,6.62
66,7000.0,36.0,3000.0,6.91
67,5000.0,36.0,6666.67,8.9
68,10000.0,36.0,8744.26,13.11
69,5000.0,36.0,3000.0,16.7
70,12000.0,36.0,5200.0,6.91
71,5000.0,36.0,2416.67,15.99
72,16000.0,36.0,6000.0,15.31
73,16000.0,60.0,7000.0,17.27
74,10000.0,36.0,3750.0,6.62
75,10000.0,36.0,2916.67,9.76
76,20500.0,36.0,4333.33,12.12
77,21000.0,60.0,6000.0,19.22
78,24375.0,36.0,11500.0,13.99
79,7000.0,36.0,3352.0,7.4
80,20000.0,36.0,6541.67,8.9
81,18000.0,36.0,6666.67,10.16
82,5000.0,36.0,9166.67,9.63
83,18000.0,36.0,3540.0,11.71
84,5875.0,36.0,5416.67,7.9
85,12000.0,36.0,3833.33,12.12
86,5000.0,36.0,3800.0,13.48
87,14000.0,60.0,6166.67,14.79
88,5000.0,36.0,1750.0,15.31
89,5000.0,36.0,2833.33,5.42
90,10000.0,36.0,2916.67,17.27
91,20000.0,36.0,10400.0,7.9
92,19000.0,36.0,3833.33,9.76
93,15000.0,36.0,8750.0,11.14
94,3000.0,36.0,4900.0,11.49
95,2500.0,36.0,3666.67,7.68
96,5500.0,60.0,4250.0,15.99
97,4800.0,36.0,2800.0,5.79
98,34500.0,36.0,10000.0,6.62
99,10000.0,36.0,5833.33,12.12
100,4800.0,36.0,2500.0,19.99
101,16000.0,36.0,6750.0,13.85
102,15000.0,36.0,10000.0,7.88
103,10000.0,36.0,5000.0,9.91
104,15000.0,36.0,5000.0,7.9
105,7000.0,36.0,5000.0,10.36
106,20950.0,36.0,12916.67,15.8
107,13000.0,36.0,11666.67,6.62
108,7500.0,36.0,2583.33,5.42
109,15000.0,36.0,4500.0,14.33
110,3000.0,36.0,7952.0,17.44
111,6000.0,36.0,1666.67,17.77
112,14400.0,36.0,12500.0,6.62
113,14675.0,36.0,3166.67,7.9
114,5000.0,36.0,3000.0,8.49
115,24000.0,36.0,4583.33,12.69
116,24000.0,60.0,7500.0,15.8
117,8000.0,36.0,3333.33,19.05
118,24500.0,36.0,12500.0,11.83
119,25000.0,36.0,5416.67,14.33
120,20000.0,36.0,12083.33,8.9
121,25000.0,36.0,7301.58,20.5
122,35000.0,36.0,7702.0,21.0
123,3600.0,36.0,6333.0,12.87
124,24000.0,36.0,7500.0,12.12
125,15000.0,60.0,4583.33,14.65
126,11200.0,60.0,5583.33,21.74
127,10000.0,36.0,3750.0,19.05
128,30000.0,36.0,10192.0,17.77
129,3200.0,36.0,2824.0,12.86
130,8000.0,36.0,6250.0,14.33
131,16000.0,36.0,7083.33,7.9
132,7000.0,36.0,2666.67,15.31
133,3000.0,36.0,5583.33,7.9
134,6000.0,36.0,5583.33,15.96
135,14400.0,36.0,6833.33,10.74
136,11700.0,36.0,4583.33,7.66
137,12000.0,36.0,3666.67,17.99
138,11500.0,36.0,2916.67,11.14
139,18000.0,60.0,7083.33,23.28
140,25000.0,60.0,5833.33,18.64
141,6000.0,36.0,10416.67,7.9
142,5000.0,36.0,8125.0,18.39
143,8500.0,36.0,6100.0,6.03
144,10000.0,36.0,7416.67,7.62
145,16500.0,60.0,5833.33,12.23
146,16550.0,36.0,4333.33,17.27
147,2500.0,36.0,2666.67,14.09
148,10000.0,36.0,4500.0,9.88
149,5000.0,36.0,4333.33,7.51
150,6000.0,36.0,6000.0,10.75
151,8000.0,36.0,3500.0,6.03
152,12000.0,36.0,9666.67,13.11
153,13250.0,36.0,2500.0,7.9
154,12000.0,60.0,3791.67,10.38
155,5200.0,36.0,5000.0,13.99
156,10000.0,36.0,4625.0,13.11
157,11700.0,36.0,3320.83,7.9
158,6000.0,36.0,4500.0,7.14
159,20000.0,60.0,3750.0,15.99
160,2000.0,36.0,2518.75,12.42
161,4500.0,36.0,3644.83,5.99
162,20800.0,60.0,6916.67,19.22
163,8500.0,36.0,5333.33,9.76
164,24500.0,60.0,4497.0,19.03
165,2000.0,36.0,6833.33,11.12
166,14400.0,60.0,6250.0,12.69
167,4800.0,36.0,4500.0,12.42
168,8325.0,36.0,2916.67,15.31
169,6600.0,36.0,2667.0,9.07
170,7750.0,36.0,2000.0,20.49
171,6000.0,36.0,2666.67,14.09
172,18000.0,36.0,6916.67,17.99
173,12000.0,36.0,5833.33,10.65
174,10000.0,36.0,4458.33,15.8
175,19500.0,36.0,9250.0,20.5
176,7000.0,36.0,2464.37,17.27
177,7300.0,36.0,3416.67,6.62
178,27050.0,60.0,5025.0,17.27
179,15000.0,36.0,3000.0,13.85
180,8800.0,36.0,4833.0,7.51
181,7000.0,36.0,6000.0,7.9
182,35000.0,60.0,11500.0,21.98
183,8500.0,36.0,2500.0,15.8
184,15000.0,36.0,6312.0,10.38
185,11000.0,36.0,5836.67,6.03
186,3500.0,36.0,18333.33,15.81
187,6000.0,36.0,3333.33,12.12
188,5000.0,60.0,5416.67,16.29
189,21200.0,36.0,4500.0,18.49
190,35000.0,36.0,7500.0,15.31
191,4800.0,60.0,1560.0,18.75
192,8500.0,36.0,4166.67,6.62
193,2650.0,36.0,1482.92,7.49
194,8575.0,36.0,4541.67,15.8
195,5000.0,36.0,8583.0,14.22
196,13200.0,36.0,3333.33,15.31
197,10750.0,36.0,2666.67,14.09
198,5450.0,36.0,3500.0,13.11
199,10000.0,36.0,9166.67,13.11
200,7500.0,36.0,8750.0,13.17
201,2400.0,36.0,2333.33,8.9
202,15300.0,36.0,6833.33,11.14
203,14000.0,36.0,8733.33,6.03
204,17325.0,60.0,3750.0,17.27
205,5400.0,36.0,2666.67,16.29
206,14000.0,36.0,12083.33,16.77
207,19125.0,60.0,3333.33,18.25
208,18000.0,36.0,6000.0,11.89
209,15000.0,60.0,5250.0,19.04
210,10000.0,36.0,2500.0,17.77
211,19075.0,36.0,5166.67,18.75
212,25000.0,36.0,7916.67,10.08
213,5600.0,36.0,3250.0,8.59
214,2500.0,36.0,4750.0,6.76
215,10400.0,60.0,7110.42,17.58
216,19750.0,36.0,8333.33,16.29
217,15000.0,36.0,5416.67,11.71
218,7200.0,36.0,8333.33,18.75
219,16450.0,36.0,6666.67,15.31
220,10000.0,60.0,3726.67,19.05
221,11325.0,36.0,2833.33,12.12
222,5000.0,36.0,7083.33,6.92
223,10050.0,36.0,2500.0,14.33
224,14725.0,36.0,18333.33,19.41
225,9000.0,36.0,6000.0,10.16
226,6000.0,36.0,4891.67,15.31
227,7500.0,36.0,2916.67,7.9
228,24000.0,36.0,11208.33,14.33
229,20000.0,36.0,7500.0,11.49
230,16750.0,36.0,3778.67,7.88
231,4325.0,36.0,11000.0,10.16
232,10075.0,60.0,6583.33,15.81
233,4800.0,60.0,4008.33,16.82
234,10800.0,36.0,11250.0,8.0
235,35000.0,60.0,14000.0,17.99
236,9000.0,36.0,3333.33,6.62
237,8400.0,36.0,3000.0,5.99
238,7000.0,36.0,5166.67,12.12
239,8400.0,36.0,4583.33,13.67
240,12000.0,36.0,5833.33,7.9
241,23500.0,36.0,6800.0,19.22
242,10000.0,36.0,3750.0,15.31
243,15000.0,36.0,5000.0,16.29
244,6200.0,60.0,4250.0,18.64
245,16000.0,60.0,5000.0,13.43
246,8800.0,36.0,5479.0,9.63
247,20000.0,36.0,7501.0,11.97
248,10000.0,36.0,3333.33,13.11
249,20000.0,36.0,8416.67,10.75
250,2875.0,36.0,1084.0,18.49
251,5500.0,60.0,1750.0,18.67
252,4000.0,36.0,2916.67,6.03
253,16000.0,36.0,3333.33,14.09
254,27825.0,60.0,6250.0,23.76
255,12250.0,60.0,6550.0,19.03
256,16800.0,36.0,6666.67,16.4
257,18775.0,36.0,5850.0,10.16
258,8000.0,36.0,6416.67,15.33
259,5000.0,36.0,5000.0,14.27
260,9500.0,36.0,7500.0,6.54
261,8000.0,36.0,3166.67,12.12
262,15000.0,36.0,5000.0,11.89
263,11000.0,36.0,7666.67,7.62
264,9000.0,36.0,4167.0,14.11
265,12000.0,36.0,2708.33,11.49
266,5600.0,36.0,2583.0,7.49
267,16350.0,36.0,4541.67,7.9
268,23000.0,36.0,7000.0,11.99
269,3000.0,36.0,1100.0,9.76
270,8000.0,36.0,5000.0,8.9
271,18000.0,60.0,4364.58,13.99
272,6000.0,36.0,7083.33,6.03
273,7000.0,36.0,3333.33,14.33
274,6000.0,36.0,1666.67,15.8
275,10000.0,36.0,8000.0,5.42
276,5075.0,36.0,5000.0,5.99
277,14000.0,60.0,4583.33,11.99
278,25000.0,60.0,10833.33,13.98
279,18650.0,36.0,4833.33,20.49
280,35000.0,36.0,12333.33,20.49
281,10000.0,36.0,13333.0,11.86
282,10000.0,36.0,2500.0,15.31
283,6200.0,36.0,5000.0,8.59
284,7000.0,36.0,5416.67,8.9
285,15000.0,36.0,3000.0,14.61
286,7575.0,36.0,2375.0,9.76
287,3000.0,36.0,4500.0,8.94
288,30000.0,36.0,9583.33,10.16
289,18000.0,60.0,8333.33,12.12
290,15350.0,60.0,3200.0,13.49
291,10000.0,36.0,2500.0,13.11
292,27925.0,60.0,7000.0,22.47
293,6000.0,36.0,2883.33,7.9
294,7200.0,36.0,7083.33,6.92
295,10000.0,36.0,4583.0,14.11
296,12250.0,36.0,7416.67,15.05
297,20000.0,36.0,6250.0,14.91
298,15000.0,36.0,6000.0,17.77
299,28000.0,60.0,14166.67,21.67
300,18000.0,60.0,4583.33,22.47
301,10000.0,36.0,11250.0,18.49
302,10000.0,36.0,7500.0,14.27
303,16000.0,36.0,5653.67,18.55
304,6500.0,36.0,3208.33,7.51
305,28625.0,60.0,4833.33,13.11
306,10000.0,36.0,2750.0,11.71
307,2000.0,36.0,3750.0,17.27
308,10000.0,36.0,3750.0,14.09
309,5000.0,36.0,2916.67,7.62
310,12100.0,36.0,6166.67,16.89
311,15000.0,36.0,4166.67,13.11
312,10000.0,60.0,3250.0,11.14
313,10850.0,36.0,2708.33,17.77
314,24000.0,36.0,4500.0,12.12
315,18000.0,60.0,4666.67,19.22
316,11350.0,36.0,2783.33,14.09
317,26500.0,36.0,5833.33,13.11
318,4950.0,36.0,2916.67,14.33
319,1000.0,36.0,2166.67,15.31
320,9000.0,36.0,4833.0,11.83
321,12000.0,60.0,2866.5,21.98
322,31300.0,60.0,5833.33,22.95
323,5000.0,36.0,5500.0,7.9
324,21000.0,60.0,9583.33,18.75
325,7000.0,36.0,6000.0,17.77
326,17975.0,36.0,4833.33,18.55
327,30000.0,60.0,8666.67,21.0
328,1500.0,36.0,7725.0,9.63
329,3000.0,60.0,1471.0,22.11
330,8400.0,60.0,4833.33,9.25
331,8500.0,36.0,5000.0,16.83
332,16500.0,60.0,2750.0,11.71
333,19000.0,60.0,4000.0,18.75
334,3600.0,36.0,2000.0,6.62
335,3625.0,36.0,3895.0,14.09
336,28000.0,36.0,6666.67,18.55
337,10800.0,36.0,5833.33,12.12
338,6000.0,36.0,4000.0,14.09
339,4800.0,36.0,2666.67,13.11
340,12000.0,60.0,4166.67,5.79
341,6000.0,60.0,2700.0,13.61
342,10000.0,36.0,7500.0,13.11
343,12000.0,36.0,3333.33,7.88
344,19050.0,60.0,5000.0,14.33
345,10000.0,36.0,4416.67,15.96
346,10000.0,36.0,4285.5,10.16
347,15650.0,36.0,3700.0,21.74
348,6400.0,36.0,3833.33,10.74
349,4225.0,36.0,2583.33,6.03
350,21000.0,60.0,8083.33,20.5
351,10000.0,60.0,8750.0,10.75
352,9000.0,60.0,3678.08,13.06
353,21000.0,60.0,8333.33,14.33
354,12000.0,36.0,8666.67,14.09
355,1000.0,36.0,1833.33,13.11
356,20000.0,36.0,4583.33,14.09
357,10000.0,36.0,4166.67,15.31
358,3500.0,36.0,9166.67,11.49
359,20000.0,36.0,6666.67,18.49
360,18000.0,36.0,4166.67,13.11
361,18200.0,36.0,4750.0,10.16
362,10200.0,36.0,5833.33,12.42
363,4000.0,60.0,4000.0,7.9
364,28000.0,36.0,7000.0,7.9
365,4800.0,36.0,5833.33,18.75
366,8000.0,36.0,8583.33,17.99
367,15000.0,36.0,2916.67,7.9
368,15000.0,36.0,8583.33,15.99
369,23000.0,36.0,25000.0,7.62
370,14000.0,36.0,5500.0,13.11
372,12000.0,36.0,3416.67,6.03
373,4500.0,36.0,4666.67,17.27
374,7500.0,36.0,3750.0,8.0
375,25000.0,36.0,5000.0,13.11
376,16000.0,60.0,5427.42,15.58
377,5000.0,36.0,3500.0,12.68
378,15000.0,36.0,5319.17,17.99
379,10500.0,36.0,5000.0,12.12
380,21250.0,36.0,4500.0,18.75
381,7125.0,36.0,2500.0,7.62
382,14000.0,36.0,3162.25,7.9
383,3000.0,36.0,2500.0,7.49
384,24000.0,60.0,8083.33,9.99
385,7200.0,36.0,3208.33,12.12
386,25000.0,36.0,12500.0,21.27
387,16000.0,36.0,5416.67,16.29
388,28000.0,60.0,8416.67,20.49
389,12000.0,60.0,6500.0,17.93
390,14000.0,60.0,6333.33,11.99
391,7200.0,36.0,2333.33,7.9
392,20800.0,36.0,10833.33,6.62
393,9450.0,36.0,2916.67,14.33
394,5000.0,36.0,4583.33,9.76
395,35000.0,36.0,9166.67,8.9
396,35000.0,60.0,15583.33,13.49
397,6000.0,36.0,3833.33,15.31
398,25000.0,60.0,5666.67,15.31
399,35000.0,60.0,7500.0,11.71
400,2575.0,36.0,6875.0,6.76
401,13000.0,36.0,3200.0,10.74
402,4200.0,36.0,6333.33,14.61
403,12000.0,60.0,5000.0,12.68
404,5000.0,36.0,2000.0,10.99
405,12000.0,36.0,5416.67,17.27
406,4750.0,36.0,3583.33,17.27
407,6000.0,36.0,4333.33,12.12
408,12000.0,36.0,7083.33,6.62
409,11400.0,36.0,5641.67,8.9
410,6000.0,36.0,8315.67,7.62
411,12000.0,36.0,4166.67,12.12
412,3200.0,36.0,6476.0,12.61
413,25875.0,60.0,6000.0,18.49
414,12300.0,36.0,4738.67,7.88
415,6250.0,36.0,2400.0,10.25
416,25000.0,60.0,7666.67,18.49
417,3500.0,36.0,5000.0,15.31
418,15000.0,60.0,5416.67,15.21
419,16000.0,60.0,4166.67,14.09
420,10000.0,36.0,6041.67,15.31
421,6000.0,36.0,2917.0,11.89
422,4800.0,36.0,6250.0,12.21
423,10000.0,36.0,7667.0,12.21
424,11750.0,36.0,4583.33,10.99
425,4750.0,36.0,866.67,14.72
426,4750.0,36.0,1333.33,22.47
427,22000.0,36.0,6666.67,21.98
428,20000.0,36.0,7833.33,10.25
429,13025.0,36.0,4333.33,13.11
430,6000.0,36.0,5000.0,13.35
431,18000.0,36.0,7916.67,6.03
432,16300.0,36.0,5222.0,14.91
433,8400.0,36.0,4166.67,14.27
434,20000.0,36.0,4916.67,8.9
435,25000.0,36.0,15416.67,15.01
436,21725.0,60.0,3629.58,19.22
437,4500.0,36.0,2700.0,11.14
438,22250.0,36.0,6583.33,14.09
439,5000.0,36.0,3200.0,10.99
440,8000.0,36.0,4583.33,13.11
441,2400.0,36.0,3166.67,10.37
442,35000.0,36.0,6750.0,17.27
443,12000.0,36.0,5000.0,10.0
444,12000.0,36.0,3000.0,13.3
445,20000.0,36.0,5000.0,15.8
446,17500.0,36.0,5416.67,7.9
447,10050.0,36.0,2916.67,14.33
448,6000.0,36.0,12500.0,8.9
449,2200.0,36.0,7083.33,8.9
450,1000.0,36.0,3333.33,7.9
451,16000.0,60.0,2958.33,11.11
452,14675.0,36.0,3166.67,13.11
453,10000.0,36.0,2916.67,7.9
454,12000.0,36.0,4583.33,13.11
455,1550.0,36.0,5083.33,12.12
456,24000.0,60.0,8000.0,11.14
457,6400.0,36.0,4166.67,11.71
458,5000.0,36.0,2916.67,14.33
459,4500.0,36.0,3333.33,11.71
460,12000.0,36.0,4583.33,19.05
461,5400.0,36.0,2333.33,6.03
462,11100.0,36.0,4000.0,11.14
463,27575.0,60.0,13125.0,19.05
464,3000.0,36.0,4583.33,10.2
465,22350.0,36.0,11250.0,14.07
466,10000.0,36.0,4480.0,15.27
467,10000.0,36.0,7158.33,12.53
468,17000.0,36.0,10000.0,8.94
469,5000.0,36.0,5577.0,11.86
470,10000.0,36.0,2500.0,17.77
471,20000.0,60.0,5416.67,19.72
472,5000.0,36.0,6250.0,12.12
473,18550.0,36.0,5416.67,7.9
474,12000.0,36.0,11667.0,7.29
475,5800.0,60.0,1416.67,22.45
476,20000.0,36.0,5200.0,12.53
477,8500.0,36.0,4333.33,7.62
478,6250.0,36.0,2900.0,7.49
479,4200.0,60.0,3166.67,20.49
480,17600.0,36.0,4166.67,8.9
481,10000.0,36.0,8333.33,12.87
482,7200.0,60.0,5166.67,20.49
483,6000.0,36.0,1750.0,7.9
484,12000.0,60.0,9750.0,12.68
485,15000.0,36.0,5000.0,11.86
486,31050.0,36.0,6500.0,7.9
487,24000.0,60.0,10104.17,22.47
488,15800.0,36.0,8333.33,11.14
489,10000.0,36.0,6666.67,7.9
490,20000.0,60.0,19583.0,7.88
491,7200.0,36.0,8333.33,7.62
492,3000.0,36.0,2583.33,13.11
493,14000.0,36.0,9083.33,9.63
494,10000.0,36.0,6000.0,14.09
495,27050.0,60.0,5083.33,19.05
496,3225.0,36.0,5833.33,7.62
497,8000.0,36.0,3291.67,17.77
498,15000.0,36.0,2666.67,7.9
499,7750.0,36.0,2916.67,10.74
500,7500.0,36.0,5500.0,8.9
501,6000.0,36.0,7083.33,14.96
502,14000.0,60.0,4666.67,17.51
503,20000.0,60.0,6416.67,21.98
504,6000.0,36.0,4025.67,17.27
505,12000.0,36.0,12083.33,10.99
506,9750.0,36.0,3033.33,20.49
507,1200.0,36.0,1700.0,18.25
508,25000.0,36.0,5250.0,11.86
509,2200.0,36.0,4750.0,15.31
510,16000.0,60.0,5416.67,23.76
511,6775.0,36.0,6666.67,13.11
512,12000.0,36.0,10000.0,15.8
513,20000.0,36.0,17500.0,8.9
514,12000.0,36.0,10416.67,12.12
515,12500.0,36.0,4944.92,6.03
516,4500.0,36.0,65000.0,6.91
517,10000.0,36.0,3250.0,12.12
518,9000.0,36.0,6750.0,13.43
519,19725.0,36.0,6916.67,7.9
520,12000.0,36.0,10833.33,11.14
521,35000.0,60.0,8333.33,23.28
522,24000.0,60.0,10000.0,15.81
523,14400.0,36.0,5083.33,10.16
524,15000.0,60.0,14000.0,16.32
525,22250.0,60.0,4166.67,21.49
526,30075.0,60.0,5083.33,22.95
527,2000.0,36.0,5733.58,6.17
528,20500.0,60.0,2500.0,14.96
529,15000.0,36.0,3500.0,17.77
530,5000.0,36.0,6706.41,8.49
531,5000.0,36.0,1800.0,17.58
532,8000.0,36.0,7000.0,10.99
533,7000.0,36.0,6833.0,14.72
534,4800.0,36.0,7466.83,5.42
535,5375.0,36.0,3416.67,8.9
536,19200.0,60.0,8333.33,13.11
537,5525.0,36.0,6620.0,13.85
538,15000.0,36.0,4250.0,9.91
539,7675.0,36.0,11666.67,15.13
540,27575.0,36.0,5166.67,14.33
541,15000.0,60.0,5833.33,19.74
542,5900.0,36.0,3010.0,13.11
543,26000.0,60.0,4416.67,16.77
544,8000.0,36.0,1833.33,17.27
545,7000.0,36.0,12208.33,15.31
546,13450.0,36.0,3333.33,14.09
547,26500.0,60.0,5000.0,20.49
548,20000.0,36.0,5833.33,16.29
549,14000.0,36.0,6250.0,12.12
550,9600.0,60.0,8000.0,10.74
551,20000.0,36.0,19583.33,14.09
552,3800.0,36.0,2641.67,12.12
553,15000.0,60.0,5761.0,10.75
554,10000.0,36.0,3166.67,7.49
555,16000.0,36.0,3666.67,14.65
556,13000.0,60.0,6517.0,10.99
557,16000.0,60.0,6666.67,19.05
558,27575.0,36.0,5750.0,17.27
559,8000.0,36.0,7083.0,12.69
560,27575.0,36.0,5166.67,19.05
561,15000.0,36.0,6250.0,6.62
562,4800.0,36.0,6333.33,5.42
563,10000.0,36.0,5833.33,12.12
564,15000.0,36.0,2583.33,13.16
565,8700.0,36.0,14166.67,12.69
566,7000.0,36.0,2916.67,7.9
567,11875.0,36.0,2740.5,6.03
568,24400.0,60.0,6000.0,17.27
569,1000.0,36.0,1100.0,10.74
570,21000.0,60.0,7458.33,23.76
571,16000.0,60.0,5000.0,9.63
572,8000.0,60.0,11583.33,12.68
573,3000.0,36.0,4166.67,6.03
574,16750.0,36.0,3338.0,9.88
575,13200.0,36.0,5083.33,19.72
576,1000.0,36.0,3176.0,15.31
577,5000.0,36.0,3166.67,11.03
578,29175.0,36.0,5416.67,13.11
579,4550.0,36.0,10833.33,13.57
580,6075.0,36.0,2666.67,17.27
581,8000.0,36.0,3750.0,16.77
582,7000.0,36.0,4158.0,7.75
583,3700.0,36.0,3000.0,15.8
584,1000.0,36.0,6000.0,7.88
585,6000.0,36.0,5833.33,13.11
586,1700.0,36.0,2250.0,6.99
587,5000.0,60.0,4000.0,10.0
588,20000.0,36.0,14583.33,6.03
589,8000.0,36.0,4416.67,8.9
590,3200.0,60.0,2609.0,17.49
591,2800.0,36.0,3250.0,10.0
592,9600.0,36.0,4333.33,6.62
593,7000.0,36.0,3650.0,13.11
594,12000.0,36.0,10250.0,11.83
595,17000.0,36.0,6250.0,7.9
596,6000.0,36.0,8000.0,12.12
597,14600.0,36.0,2500.0,9.76
598,29000.0,60.0,15000.0,10.65
599,11000.0,36.0,4167.0,13.87
600,16000.0,36.0,7666.67,15.31
601,12000.0,60.0,6666.67,9.62
602,10000.0,36.0,7083.33,7.74
603,24625.0,36.0,10000.0,14.07
604,16500.0,36.0,4810.08,11.83
605,13800.0,36.0,4250.0,12.12
606,35000.0,36.0,6666.67,15.31
607,4000.0,60.0,4500.0,16.82
608,20950.0,60.0,4500.0,21.49
609,18500.0,36.0,7500.0,15.33
610,5000.0,36.0,5208.33,14.27
611,25000.0,36.0,11166.67,10.62
612,22400.0,36.0,7375.0,13.11
613,10000.0,36.0,4666.67,14.33
614,4900.0,36.0,2666.67,5.99
615,18000.0,60.0,7583.33,12.12
616,35000.0,60.0,12083.33,12.42
617,12000.0,36.0,8750.0,12.12
618,12000.0,60.0,4666.67,13.98
619,14000.0,36.0,4583.33,6.62
620,4000.0,60.0,3500.0,13.8
621,5600.0,36.0,11666.67,11.14
622,12300.0,36.0,5000.0,15.31
623,35000.0,60.0,16133.33,17.49
624,20000.0,60.0,9166.67,11.14
625,8800.0,60.0,2500.0,13.11
626,16000.0,36.0,7083.33,8.9
627,8000.0,36.0,2500.0,20.52
628,4000.0,36.0,6583.33,6.03
629,3500.0,36.0,5416.67,12.12
630,7800.0,36.0,5000.0,13.11
631,4200.0,36.0,5000.0,13.67
632,25000.0,60.0,5416.67,13.98
633,24925.0,60.0,6250.0,11.14
634,9600.0,60.0,3333.33,17.27
635,15000.0,36.0,6294.25,16.49
636,20950.0,60.0,10416.67,22.95
637,8800.0,60.0,2916.67,18.25
638,12500.0,60.0,5300.0,15.96
639,21000.0,36.0,5333.33,7.62
640,35000.0,36.0,18750.0,10.65
641,15000.0,36.0,15416.67,15.27
642,9250.0,60.0,8500.0,10.75
643,2250.0,36.0,5833.33,10.36
644,15000.0,60.0,2748.0,15.27
645,8000.0,36.0,3000.0,6.62
646,3500.0,36.0,6833.33,15.62
647,5300.0,36.0,1945.0,7.9
648,12725.0,36.0,4416.67,11.14
649,2500.0,36.0,1930.75,12.61
650,8000.0,36.0,4250.0,9.63
651,14775.0,60.0,4473.33,21.0
652,2200.0,36.0,5500.0,7.9
653,20000.0,36.0,9160.0,13.35
654,3000.0,36.0,1200.0,12.69
655,12000.0,36.0,4458.33,19.99
656,33600.0,60.0,5416.67,17.27
657,31825.0,60.0,6666.67,14.09
658,4000.0,36.0,3333.33,14.33
659,20000.0,36.0,7083.33,10.25
660,12500.0,36.0,4166.67,9.32
661,9750.0,36.0,2817.5,17.27
662,30000.0,60.0,8500.0,15.31
663,19600.0,60.0,4166.67,12.42
664,24175.0,36.0,6250.0,13.11
665,10800.0,36.0,8400.0,10.75
666,10000.0,36.0,6083.33,12.12
667,12000.0,36.0,2000.0,13.67
668,20000.0,36.0,6000.0,21.49
669,9000.0,36.0,3875.0,13.79
670,5000.0,36.0,2500.0,13.92
671,12000.0,36.0,3195.0,11.71
672,16750.0,36.0,9125.0,7.9
673,29000.0,36.0,9166.67,7.9
674,24375.0,36.0,4583.33,14.09
675,10000.0,36.0,4190.0,9.63
676,35000.0,36.0,14166.67,14.65
677,1200.0,36.0,1300.0,7.9
678,7500.0,36.0,10000.0,7.74
679,10000.0,36.0,8333.33,6.03
680,20000.0,36.0,7965.0,19.72
681,27000.0,36.0,8583.33,18.25
682,28200.0,60.0,4833.33,20.5
683,3000.0,36.0,2333.33,9.99
684,13000.0,36.0,7916.67,14.09
685,17000.0,36.0,5292.0,12.18
686,6700.0,36.0,2708.33,7.9
687,25450.0,60.0,4750.0,19.72
688,4000.0,36.0,1700.0,14.96
689,9000.0,60.0,3500.0,10.16
690,12800.0,60.0,3333.33,11.49
691,16000.0,60.0,2666.67,17.58
692,14675.0,36.0,4000.0,8.9
693,7000.0,36.0,6280.0,7.49
694,12000.0,36.0,5416.67,7.66
695,12000.0,60.0,4166.67,15.23
696,7550.0,36.0,2512.0,7.62
697,1000.0,36.0,9333.33,7.62
698,12300.0,36.0,6583.33,12.12
699,2000.0,36.0,3575.0,19.72
700,10000.0,36.0,3333.33,13.49
701,20000.0,60.0,4166.67,15.8
702,10500.0,36.0,4583.33,17.77
703,14825.0,36.0,2500.0,13.67
704,9000.0,36.0,4166.67,6.62
705,35000.0,60.0,7083.33,12.68
706,6000.0,60.0,2400.0,13.98
707,18000.0,36.0,6666.67,15.31
708,12000.0,36.0,5000.0,8.9
709,16000.0,36.0,8416.67,7.9
710,32000.0,60.0,9250.0,17.27
711,8000.0,36.0,4250.0,16.29
712,28000.0,36.0,27083.33,12.42
713,28000.0,36.0,11250.0,7.62
714,16000.0,60.0,5250.0,15.8
715,20125.0,36.0,8937.5,18.49
716,8000.0,36.0,6000.0,17.27
717,6000.0,36.0,2500.0,14.35
718,12000.0,36.0,4750.0,8.94
719,5500.0,36.0,5116.67,14.61
720,9500.0,36.0,2519.17,12.12
721,12000.0,36.0,10333.33,10.36
722,25000.0,60.0,4166.67,13.49
723,17500.0,36.0,3333.33,10.16
724,35000.0,60.0,10000.0,15.23
725,14000.0,36.0,7916.67,17.51
726,13600.0,36.0,5416.67,12.12
727,3600.0,36.0,2000.0,12.87
728,6000.0,36.0,2176.67,15.8
729,10000.0,36.0,5416.67,14.09
730,20000.0,60.0,7916.67,19.91
731,30000.0,60.0,7083.33,23.33
732,28000.0,60.0,10166.67,21.98
733,2000.0,36.0,3513.33,14.09
734,4700.0,36.0,3416.67,7.9
735,6000.0,36.0,6250.0,13.98
736,9000.0,36.0,11666.67,12.12
737,20000.0,36.0,9208.0,6.91
738,4200.0,36.0,6500.0,13.06
739,6950.0,36.0,7916.67,13.11
740,15000.0,36.0,5078.75,18.25
741,12000.0,36.0,7083.33,12.12
742,25000.0,36.0,6000.0,16.49
743,7000.0,36.0,3166.67,15.8
744,5600.0,36.0,1916.67,7.9
745,4800.0,36.0,7083.33,11.59
746,5000.0,36.0,3108.33,12.53
747,6525.0,36.0,3166.67,16.07
748,12700.0,60.0,5833.33,7.9
749,14000.0,60.0,3145.83,13.98
750,10000.0,36.0,6083.33,11.11
751,11500.0,36.0,2458.33,12.12
752,15000.0,36.0,7916.67,16.77
753,12000.0,60.0,4166.67,11.99
754,2700.0,36.0,3958.33,5.79
755,12000.0,36.0,2916.67,10.16
756,10625.0,36.0,4250.0,14.27
757,13000.0,36.0,5000.0,14.09
758,6000.0,36.0,5000.0,10.62
759,15000.0,36.0,5150.0,10.59
760,8000.0,36.0,2083.33,17.49
761,8800.0,36.0,3150.25,13.11
762,11100.0,36.0,2666.67,15.31
763,5000.0,36.0,15000.0,9.33
764,15250.0,60.0,2916.67,16.49
765,10000.0,36.0,5000.0,12.12
766,6000.0,36.0,4416.67,7.9
767,3500.0,36.0,4333.33,12.12
768,17400.0,36.0,6833.33,11.99
769,7500.0,60.0,7083.33,9.76
770,18000.0,60.0,12916.67,14.33
771,21700.0,36.0,15000.0,7.9
772,1775.0,36.0,3333.33,6.54
773,20000.0,36.0,5166.67,13.67
774,16000.0,36.0,6000.0,7.62
775,4825.0,36.0,2400.0,10.16
776,5000.0,36.0,5416.67,6.03
777,35000.0,36.0,14166.67,16.29
778,4750.0,36.0,2833.33,8.9
779,7125.0,36.0,5636.75,18.49
780,4000.0,36.0,1750.0,13.43
781,11000.0,36.0,7916.67,13.06
782,8000.0,36.0,3108.0,14.33
783,5000.0,36.0,3200.0,11.14
784,7200.0,36.0,5100.0,8.07
785,5000.0,36.0,1916.67,15.31
786,4500.0,36.0,3000.0,7.51
787,17300.0,60.0,5500.0,22.45
788,1000.0,36.0,1800.0,10.36
789,13075.0,60.0,7291.67,11.99
790,20000.0,36.0,7258.33,7.9
791,18000.0,36.0,4583.33,12.12
792,13500.0,60.0,8833.33,13.99
793,14000.0,36.0,10583.33,12.12
794,25000.0,60.0,5077.58,20.5
795,10000.0,36.0,5583.33,15.31
796,4750.0,60.0,1500.0,14.33
797,10000.0,60.0,2500.0,13.49
798,14000.0,60.0,3616.0,19.03
799,12375.0,36.0,6750.0,6.03
800,5675.0,36.0,2333.33,11.14
801,35000.0,60.0,10000.0,24.7
802,25000.0,36.0,8333.33,21.0
803,35000.0,36.0,39583.33,16.29
804,19200.0,36.0,4583.33,12.12
805,12000.0,36.0,4416.67,6.62
806,7000.0,36.0,4341.67,10.16
807,10000.0,36.0,3417.0,11.99
808,3600.0,36.0,7000.0,19.72
809,12000.0,36.0,4500.0,8.49
810,9450.0,36.0,2750.0,12.12
811,9000.0,36.0,5666.67,11.03
812,10000.0,36.0,4583.33,15.8
813,17325.0,36.0,3333.33,8.9
814,9600.0,36.0,3166.67,15.31
815,16000.0,60.0,3466.67,21.98
816,9000.0,36.0,14166.67,6.03
817,12000.0,60.0,4425.17,8.49
818,12000.0,36.0,12500.0,11.14
819,2575.0,36.0,4166.67,10.16
820,4500.0,36.0,5250.0,8.88
821,7500.0,36.0,8750.0,12.29
822,10000.0,36.0,3500.0,13.11
823,7000.0,36.0,3010.0,14.22
824,28350.0,36.0,5833.33,19.72
825,4800.0,36.0,4800.0,12.12
826,7000.0,36.0,4325.0,13.11
827,19200.0,60.0,5666.67,22.47
828,8000.0,36.0,7000.0,11.14
829,10000.0,36.0,3750.0,14.09
830,25000.0,60.0,3333.33,11.49
831,9500.0,36.0,4500.0,21.98
832,3000.0,36.0,4350.0,10.46
833,13500.0,60.0,2666.67,19.69
834,6000.0,36.0,7500.0,7.9
835,18000.0,36.0,5100.0,11.14
836,15500.0,36.0,9000.0,8.9
837,13600.0,36.0,6250.0,7.9
838,10350.0,36.0,3333.33,14.09
839,8575.0,36.0,2500.0,17.27
840,15000.0,36.0,6000.0,19.05
841,10000.0,36.0,10167.0,8.59
842,10800.0,60.0,7500.0,13.67
843,25000.0,36.0,6833.33,14.09
844,11000.0,36.0,6666.67,10.99
845,5500.0,36.0,1666.67,11.14
846,13000.0,36.0,5000.0,13.11
847,3825.0,36.0,3333.33,7.9
848,25000.0,60.0,4916.67,19.72
849,2000.0,36.0,3750.0,13.11
850,18000.0,36.0,5416.67,19.05
851,19125.0,60.0,4166.67,18.49
852,16800.0,36.0,16083.33,6.62
853,25000.0,60.0,7083.33,16.32
854,7425.0,36.0,2500.0,9.76
855,12000.0,36.0,3100.0,6.03
856,10000.0,36.0,5833.33,10.74
857,25000.0,36.0,7983.33,15.95
858,8500.0,36.0,2583.33,17.77
859,12375.0,36.0,3500.0,6.62
860,10000.0,36.0,2750.0,14.33
861,1900.0,36.0,6000.0,7.51
862,23000.0,36.0,6625.0,17.77
863,2000.0,36.0,4333.33,14.33
864,8000.0,36.0,5833.33,6.99
865,10000.0,36.0,5833.33,7.29
866,4800.0,36.0,6250.0,7.9
867,5000.0,36.0,3333.33,6.92
868,7000.0,36.0,6333.33,11.12
869,10000.0,36.0,7500.0,12.12
870,15000.0,36.0,4458.33,13.47
871,16750.0,36.0,3750.0,12.41
872,5000.0,36.0,1733.33,16.29
873,8000.0,36.0,3936.0,5.42
874,13000.0,36.0,3500.0,9.63
875,4000.0,36.0,4166.67,9.76
876,10000.0,36.0,3666.67,9.91
877,3500.0,36.0,6333.0,7.29
878,1800.0,36.0,4250.0,13.67
879,6000.0,36.0,5833.33,7.49
880,4000.0,36.0,3600.0,7.66
881,30000.0,60.0,6250.0,19.05
882,14000.0,36.0,5416.67,14.09
883,15800.0,60.0,7388.42,16.02
884,7200.0,36.0,3750.0,11.14
885,5825.0,36.0,3750.0,12.12
886,3000.0,36.0,4916.67,7.14
887,10000.0,60.0,2290.0,16.32
888,10750.0,36.0,4416.67,13.11
889,4575.0,36.0,5833.33,15.65
890,9000.0,36.0,7083.33,14.33
891,10000.0,36.0,12500.0,5.79
892,8000.0,36.0,3750.0,16.29
893,15000.0,36.0,8833.33,15.96
894,20675.0,36.0,4333.33,14.33
895,10500.0,36.0,3083.33,15.33
896,4825.0,36.0,5416.67,12.12
897,3800.0,36.0,5416.67,11.12
898,19600.0,60.0,4170.0,21.49
899,12800.0,60.0,5166.67,12.61
900,30000.0,36.0,13416.67,7.9
901,14500.0,60.0,3584.62,10.75
902,16750.0,36.0,5666.67,18.75
903,12000.0,36.0,8541.67,16.29
904,4800.0,36.0,5000.0,14.65
905,5000.0,36.0,10625.0,14.09
906,15000.0,36.0,6666.67,14.17
907,1500.0,36.0,3583.33,21.49
908,18000.0,60.0,4000.0,10.59
909,5600.0,36.0,6083.33,14.82
910,35000.0,60.0,6308.75,15.65
911,16000.0,60.0,3006.44,15.28
912,8875.0,36.0,2302.0,15.31
913,8875.0,36.0,2291.67,15.31
914,8000.0,60.0,5002.33,18.75
915,10000.0,36.0,6307.42,13.48
916,20000.0,36.0,4166.67,11.48
917,25000.0,36.0,5500.0,9.91
918,10000.0,36.0,4166.67,6.62
919,11000.0,36.0,3500.0,12.53
920,12000.0,36.0,13000.0,6.03
921,17200.0,60.0,3666.67,19.69
922,1800.0,36.0,6416.67,15.31
923,3000.0,36.0,7500.0,6.03
924,9525.0,36.0,2666.67,15.81
925,20000.0,36.0,3500.0,12.84
926,6000.0,36.0,5417.0,7.68
927,2500.0,36.0,3916.67,18.49
928,1950.0,36.0,2600.0,13.11
929,30000.0,60.0,7083.33,20.5
930,6000.0,60.0,2500.0,17.14
931,24000.0,36.0,5791.67,12.12
932,15000.0,36.0,8000.0,19.99
933,12000.0,60.0,3416.67,10.99
934,21000.0,36.0,10700.0,13.67
935,5750.0,36.0,5000.0,13.99
936,15000.0,36.0,4166.67,13.11
937,7500.0,36.0,5000.0,12.12
938,8000.0,36.0,3521.0,12.84
939,2000.0,36.0,3000.0,8.9
940,11950.0,36.0,5833.33,14.33
941,6500.0,36.0,6750.0,7.9
942,4500.0,36.0,3500.0,11.49
943,24000.0,36.0,5416.67,10.16
944,14675.0,36.0,3250.0,16.29
945,23750.0,60.0,8333.33,19.72
946,7500.0,36.0,9583.33,6.62
948,30000.0,36.0,10000.0,17.27
949,20000.0,60.0,3666.67,22.45
950,15000.0,36.0,4166.67,13.11
951,4000.0,36.0,4666.67,5.79
952,4325.0,36.0,3691.67,7.49
953,6000.0,36.0,2752.92,17.27
954,4500.0,36.0,7075.5,7.51
955,12000.0,36.0,4166.67,17.27
956,10000.0,36.0,13750.0,9.2
957,14000.0,36.0,7333.33,15.31
958,7750.0,36.0,2916.67,16.29
959,11500.0,36.0,2833.33,11.14
960,7000.0,36.0,2000.0,18.49
961,22000.0,36.0,8666.67,17.27
962,19500.0,36.0,10000.0,18.49
963,8400.0,36.0,3333.33,12.12
964,9250.0,36.0,5416.67,11.89
965,24000.0,60.0,5833.33,20.49
966,3600.0,36.0,1558.33,8.9
967,10000.0,36.0,6000.0,13.49
968,25000.0,60.0,6250.0,11.71
969,3600.0,36.0,2500.0,7.49
970,8000.0,36.0,7250.0,5.99
971,14500.0,36.0,3958.33,7.9
972,9800.0,60.0,5340.25,19.69
973,1500.0,36.0,5555.08,11.49
974,1500.0,36.0,3625.0,12.12
975,3300.0,36.0,3730.0,11.71
976,20000.0,36.0,10333.33,6.62
977,6000.0,36.0,5000.0,12.12
978,13600.0,36.0,3666.67,13.11
979,30000.0,60.0,12500.0,21.49
980,10000.0,36.0,4000.0,11.71
981,4800.0,36.0,2500.0,14.84
982,5000.0,36.0,2083.33,6.03
983,5500.0,36.0,1666.67,12.69
984,9950.0,36.0,4800.0,14.33
985,8500.0,36.0,6300.0,6.62
986,16000.0,36.0,4166.67,13.48
987,3600.0,36.0,2108.33,9.76
988,12000.0,36.0,6250.0,9.63
989,4900.0,36.0,2240.0,14.26
990,10050.0,36.0,2500.0,14.33
991,25000.0,36.0,11500.0,13.06
992,9550.0,36.0,4000.0,10.74
993,13000.0,36.0,7666.67,11.26
994,6250.0,36.0,1750.0,14.33
995,15000.0,36.0,3333.33,13.67
996,10000.0,36.0,4583.33,14.09
997,6000.0,36.0,6333.33,11.83
998,5000.0,60.0,5200.0,10.62
999,9600.0,36.0,6000.0,15.31
1000,6000.0,60.0,2400.0,16.89
1001,8000.0,36.0,3750.0,7.14
1002,3000.0,36.0,6333.33,12.12
1003,15000.0,36.0,5250.0,10.37
1004,12000.0,36.0,6700.0,5.79
1005,7000.0,36.0,7083.33,12.42
1006,8000.0,36.0,7500.0,10.99
1007,10000.0,36.0,3500.0,12.42
1008,6000.0,36.0,3750.0,13.11
1009,9600.0,36.0,3206.67,13.99
1010,12000.0,60.0,3916.67,17.99
1011,20000.0,60.0,15416.67,18.75
1012,20000.0,36.0,10000.0,10.25
1013,15350.0,36.0,4400.0,18.49
1014,12500.0,36.0,4333.33,11.26
1015,25000.0,36.0,7916.67,9.91
1016,19000.0,36.0,3544.67,13.67
1017,5000.0,36.0,12083.33,6.03
1018,18000.0,36.0,4000.0,14.09
1019,12300.0,36.0,6666.67,6.03
1020,15000.0,36.0,3333.33,15.8
1021,8000.0,36.0,6916.67,16.29
1022,12100.0,36.0,8750.0,11.99
1023,22000.0,60.0,4166.67,16.29
1024,3000.0,36.0,2571.42,13.06
1025,4000.0,36.0,3833.33,11.48
1026,30000.0,60.0,6041.67,22.78
1027,10000.0,36.0,8083.33,14.65
1028,3000.0,36.0,3833.33,17.27
1029,31075.0,36.0,6000.0,20.49
1030,25000.0,36.0,8533.33,10.36
1031,25000.0,36.0,7083.33,7.9
1032,10000.0,36.0,7083.0,15.21
1033,8000.0,60.0,5291.67,15.57
1034,15000.0,36.0,3666.67,14.65
1035,9600.0,36.0,6048.0,7.29
1036,17000.0,36.0,4583.33,11.83
1037,6000.0,60.0,9583.33,12.12
1038,13000.0,36.0,2333.33,9.91
1039,31500.0,60.0,5250.0,12.12
1040,7800.0,36.0,2508.33,14.35
1041,16450.0,60.0,2833.33,21.97
1042,8000.0,36.0,3166.67,7.9
1043,14000.0,36.0,5000.0,15.31
1044,9000.0,36.0,6750.0,6.62
1045,1600.0,36.0,2000.0,15.05
1046,1125.0,36.0,3083.33,5.79
1047,5000.0,36.0,4583.33,16.29
1048,20000.0,60.0,8333.33,15.31
1049,1750.0,36.0,1833.33,11.14
1050,24000.0,60.0,9166.67,21.14
1051,17000.0,60.0,4166.67,10.74
1052,10000.0,36.0,4166.67,10.16
1053,20500.0,60.0,4333.33,23.28
1054,10000.0,36.0,6250.0,18.25
1055,7100.0,36.0,2183.33,11.14
1056,30000.0,36.0,6666.67,8.9
1057,11625.0,36.0,2833.33,14.33
1058,4000.0,36.0,2666.67,11.49
1059,5000.0,36.0,5416.67,14.09
1060,10000.0,36.0,10000.0,16.32
1061,20000.0,60.0,10000.0,18.17
1062,19200.0,36.0,3583.33,12.12
1063,15000.0,36.0,2583.33,7.9
1064,17625.0,36.0,3333.33,13.11
1065,9000.0,36.0,8333.33,6.03
1066,10625.0,36.0,2633.33,17.77
1067,14500.0,36.0,10000.0,5.42
1068,5000.0,36.0,8416.67,12.12
1069,6000.0,36.0,3333.33,13.11
1070,24000.0,36.0,3750.0,10.65
1071,4500.0,36.0,10000.0,5.99
1072,14000.0,36.0,6883.33,12.12
1073,7550.0,36.0,2880.0,16.89
1074,4800.0,36.0,7291.67,6.62
1075,7000.0,36.0,5166.67,6.99
1076,5000.0,36.0,5833.33,7.88
1077,9000.0,60.0,4750.0,7.88
1078,15175.0,60.0,4333.33,20.25
1079,4800.0,36.0,2666.67,10.59
1080,5000.0,36.0,4166.67,8.94
1081,9100.0,36.0,3500.0,6.03
1082,10000.0,36.0,3750.0,14.09
1083,7500.0,36.0,5000.0,15.58
1084,15000.0,36.0,6666.67,10.95
1085,10000.0,36.0,6916.67,6.54
1086,7500.0,36.0,2500.0,11.78
1087,10000.0,36.0,5916.67,10.25
1088,12000.0,36.0,5833.33,11.36
1089,25450.0,60.0,4416.67,13.99
1090,6000.0,36.0,6500.0,14.7
1091,1000.0,36.0,3500.0,13.16
1092,5000.0,36.0,2000.0,12.61
1093,10000.0,36.0,4166.67,10.16
1094,6000.0,36.0,3333.33,12.12
1095,14075.0,36.0,3033.33,18.75
1096,20000.0,36.0,8233.33,13.11
1097,9000.0,36.0,5000.0,6.03
1098,7000.0,36.0,5000.0,19.47
1099,19750.0,36.0,5166.67,15.96
1100,6000.0,36.0,4250.0,5.42
1101,10000.0,36.0,5000.0,6.03
1102,14400.0,60.0,5000.0,17.56
1103,10000.0,36.0,4083.33,14.27
1104,7900.0,36.0,7583.33,8.59
1105,5100.0,36.0,3000.0,18.29
1106,6000.0,36.0,7500.0,13.49
1107,16200.0,60.0,4833.33,15.8
1108,5000.0,36.0,3125.0,6.03
1109,19500.0,36.0,5125.0,21.0
1110,1800.0,36.0,4246.67,16.02
1111,27000.0,60.0,4833.33,14.27
1112,6250.0,36.0,2916.67,17.54
1113,35000.0,36.0,8300.0,10.74
1114,9600.0,36.0,5166.67,16.29
1115,5375.0,36.0,3000.0,6.62
1116,25000.0,36.0,16666.67,12.42
1117,12000.0,36.0,4333.33,17.77
1118,14500.0,36.0,5988.67,13.11
1119,7500.0,36.0,2796.8,13.11
1120,14000.0,36.0,8750.0,14.65
1121,12000.0,60.0,4333.33,15.27
1122,10000.0,36.0,4166.67,8.49
1123,27000.0,60.0,6500.0,18.55
1124,12375.0,36.0,3892.75,10.91
1125,25000.0,60.0,7666.67,16.69
1126,24375.0,60.0,4708.33,15.8
1127,3500.0,36.0,7083.0,12.69
1128,10000.0,60.0,5416.67,16.49
1129,6000.0,36.0,3666.67,6.03
1130,10000.0,36.0,6666.67,8.32
1131,6400.0,60.0,3500.0,15.99
1132,12000.0,36.0,8791.67,10.16
1133,20000.0,60.0,5000.0,15.96
1134,3000.0,36.0,3466.67,15.05
1135,9800.0,36.0,2333.33,7.29
1136,35000.0,36.0,13933.33,12.12
1137,16000.0,36.0,4166.67,12.12
1138,25000.0,60.0,22916.67,12.69
1139,10000.0,36.0,1658.0,17.14
1140,16750.0,60.0,2833.33,21.48
1141,5000.0,36.0,2500.0,7.62
1142,8000.0,36.0,5417.0,11.83
1143,5950.0,36.0,5000.0,12.12
1144,9800.0,36.0,3583.33,8.59
1145,20000.0,60.0,5000.0,21.98
1146,20000.0,60.0,5000.0,16.49
1147,9000.0,60.0,4333.33,19.91
1148,25000.0,60.0,5833.33,20.49
1149,10750.0,36.0,4416.67,11.14
1150,30225.0,36.0,8333.33,17.77
1151,16500.0,36.0,5416.67,6.03
1152,15200.0,36.0,7916.67,11.14
1153,11625.0,36.0,2833.33,15.31
1154,15000.0,36.0,10417.0,7.88
1155,10000.0,60.0,4104.67,18.49
1156,20000.0,36.0,15000.0,7.9
1157,6000.0,36.0,6666.67,6.03
1158,14000.0,60.0,4333.33,10.37
1159,5300.0,36.0,2500.0,15.27
1160,14400.0,36.0,13100.0,7.9
1161,10000.0,36.0,9000.0,15.31
1162,9000.0,36.0,5000.0,15.31
1163,2500.0,36.0,1100.0,12.98
1164,12000.0,36.0,4575.08,17.77
1165,4800.0,36.0,5833.33,14.33
1166,10450.0,36.0,2658.83,13.11
1167,16000.0,36.0,3333.33,16.29
1168,17000.0,36.0,3833.33,15.81
1169,5750.0,36.0,1675.0,13.11
1170,20000.0,36.0,5000.0,7.9
1171,7200.0,36.0,4416.67,10.37
1172,18000.0,36.0,5833.33,7.9
1173,6725.0,36.0,5000.0,13.12
1174,10000.0,36.0,4166.67,17.77
1175,14000.0,60.0,11333.33,10.0
1176,5000.0,36.0,3333.0,12.92
1177,15000.0,36.0,5416.67,7.9
1178,3000.0,36.0,3083.33,10.38
1179,12000.0,36.0,4500.0,14.74
1180,1450.0,36.0,833.33,7.51
1181,15000.0,36.0,5000.0,19.05
1182,10000.0,60.0,5623.33,11.49
1183,35000.0,60.0,18750.0,20.49
1184,10000.0,36.0,4333.33,12.12
1185,24575.0,36.0,5166.67,20.49
1186,1400.0,36.0,2750.0,14.27
1187,24000.0,60.0,7800.0,16.29
1188,18225.0,60.0,7166.67,16.29
1189,10000.0,36.0,5000.0,10.74
1190,12000.0,36.0,5833.33,6.62
1191,17000.0,60.0,8500.0,11.12
1192,3000.0,36.0,7116.25,19.05
1193,15000.0,60.0,2916.67,18.25
1194,15000.0,36.0,12000.0,6.03
1195,10000.0,60.0,4417.0,16.82
1196,17000.0,36.0,6333.33,11.14
1197,15000.0,36.0,2500.0,15.68
1198,12000.0,36.0,3333.33,11.58
1199,15000.0,36.0,4500.0,7.9
1200,6000.0,36.0,6666.67,8.9
1201,7000.0,36.0,4750.0,17.77
1202,25000.0,60.0,6666.67,13.23
1203,4000.0,36.0,4234.0,6.17
1204,8000.0,60.0,4500.0,15.95
1205,7800.0,36.0,4000.0,10.65
1206,25000.0,60.0,5833.33,19.05
1207,27575.0,60.0,7833.33,17.27
1208,12000.0,36.0,3500.0,7.91
1209,4000.0,36.0,5416.67,13.11
1210,3000.0,36.0,4333.33,11.14
1211,8400.0,36.0,3000.0,6.92
1212,4500.0,36.0,11500.0,13.43
1213,8000.0,36.0,4166.67,12.12
1214,9000.0,36.0,5000.0,13.11
1215,9425.0,36.0,3750.0,13.49
1216,3600.0,60.0,3200.0,19.72
1217,14400.0,36.0,5000.0,13.11
1219,12000.0,36.0,7500.0,17.77
1220,8000.0,36.0,3941.58,14.33
1221,9325.0,36.0,3333.33,14.09
1222,12000.0,60.0,5916.67,14.46
1223,18000.0,60.0,8333.33,8.9
1225,16075.0,36.0,4125.0,16.29
1226,10000.0,36.0,10416.67,14.09
1227,16000.0,60.0,7916.67,13.11
1228,6000.0,36.0,5000.0,8.0
1229,4200.0,36.0,5133.33,7.29
1230,8000.0,36.0,4166.67,14.09
1231,20125.0,36.0,10353.33,14.65
1232,7500.0,36.0,4600.0,16.32
1233,16000.0,60.0,4666.67,17.27
1234,8875.0,36.0,2160.0,11.14
1235,5000.0,60.0,2400.0,17.49
1236,10000.0,36.0,5000.0,12.12
1237,20000.0,36.0,9166.67,16.29
1238,3600.0,36.0,2500.0,14.11
1239,20000.0,60.0,4853.33,13.11
1240,11575.0,60.0,3750.0,13.11
1241,14500.0,36.0,3500.0,14.33
1242,5000.0,36.0,3333.33,7.9
1243,12000.0,36.0,3333.33,15.31
1244,21000.0,36.0,18333.33,11.09
1245,10000.0,36.0,5416.67,15.31
1246,24000.0,36.0,10166.67,7.9
1247,20000.0,60.0,6666.67,18.25
1248,12000.0,60.0,3500.0,10.74
1249,2800.0,36.0,4158.0,7.4
1250,14400.0,36.0,5833.33,14.26
1251,16500.0,36.0,7250.0,11.71
1252,9500.0,36.0,5000.0,8.9
1253,11200.0,36.0,2666.67,15.8
1254,9200.0,36.0,12833.33,12.61
1255,4950.0,36.0,4166.67,13.67
1256,21000.0,60.0,9166.67,24.7
1257,5000.0,36.0,3083.33,14.61
1258,20000.0,60.0,7416.67,16.29
1259,19000.0,36.0,4548.83,11.14
1260,12000.0,36.0,3333.33,17.77
1261,20950.0,60.0,6666.67,13.67
1262,21000.0,36.0,18750.0,11.11
1263,4000.0,60.0,9417.0,12.23
1264,12800.0,60.0,4166.67,11.49
1265,20000.0,36.0,5000.0,15.81
1266,7925.0,36.0,2000.0,16.29
1267,15000.0,36.0,6666.67,10.16
1268,15000.0,36.0,4583.0,15.99
1269,5600.0,36.0,2870.33,13.49
1270,30000.0,60.0,9250.0,16.77
1271,10000.0,36.0,2833.33,11.14
1272,5800.0,36.0,5208.33,6.03
1273,11575.0,36.0,2833.33,7.9
1274,7000.0,36.0,12500.0,7.9
1275,1700.0,36.0,1200.0,13.99
1276,8400.0,36.0,3200.0,6.03
1277,14000.0,36.0,4500.0,12.12
1278,12000.0,36.0,6666.67,11.14
1279,30000.0,60.0,10416.67,19.72
1280,11200.0,36.0,8500.0,7.91
1281,10000.0,36.0,3640.0,12.12
1282,17475.0,60.0,4583.33,19.05
1283,16500.0,36.0,4583.33,7.9
1284,7500.0,36.0,4833.33,13.67
1285,8000.0,36.0,3833.33,11.48
1286,6000.0,36.0,2916.67,12.53
1287,9800.0,36.0,6666.67,5.99
1288,12000.0,36.0,8333.33,14.65
1289,25000.0,60.0,5416.67,17.93
1290,19000.0,60.0,4333.33,16.32
1291,7200.0,36.0,3583.0,14.11
1292,3000.0,36.0,4166.67,8.9
1293,9000.0,36.0,12500.0,8.9
1294,8000.0,36.0,4250.0,6.03
1295,20000.0,60.0,6750.0,22.95
1296,7000.0,36.0,5833.33,13.11
1297,14000.0,36.0,3200.0,10.65
1298,4200.0,36.0,2254.0,8.9
1299,10375.0,36.0,2479.17,14.33
1300,13100.0,36.0,7968.75,18.55
1301,2000.0,36.0,2750.0,16.89
1302,10500.0,36.0,8750.0,18.25
1303,5000.0,36.0,2500.0,12.42
1304,8000.0,36.0,5166.67,7.9
1305,30000.0,60.0,5833.33,12.12
1306,14400.0,36.0,5166.67,18.49
1307,5650.0,36.0,5100.0,7.66
1308,6500.0,36.0,2253.0,11.11
1309,20000.0,36.0,15416.67,11.36
1310,4000.0,36.0,2916.67,14.33
1311,12000.0,36.0,5833.33,12.12
1312,18225.0,60.0,3166.67,16.29
1313,16800.0,60.0,5416.67,10.99
1314,10500.0,36.0,5666.67,14.33
1315,4000.0,36.0,5600.0,14.83
1316,7000.0,36.0,3807.64,7.14
1317,5000.0,36.0,4665.83,11.14
1318,10000.0,36.0,3333.33,11.71
1319,6500.0,36.0,3500.0,12.12
1320,6000.0,36.0,6996.17,8.9
1321,5600.0,36.0,5833.33,6.62
1322,11000.0,36.0,4583.33,12.12
1323,10000.0,36.0,3083.33,12.12
1324,18000.0,36.0,5925.0,10.16
1325,30000.0,36.0,12500.0,21.49
1326,8800.0,60.0,3750.0,10.38
1327,6400.0,36.0,4666.67,13.11
1328,16800.0,60.0,10666.67,7.9
1329,4800.0,36.0,6333.33,7.9
1330,12000.0,36.0,8000.0,5.79
1331,10000.0,36.0,7916.67,14.33
1332,6000.0,36.0,3100.0,11.71
1333,30000.0,60.0,5632.33,17.88
1334,5000.0,36.0,2750.0,14.33
1335,6000.0,36.0,1312.08,12.12
1336,8000.0,36.0,25000.0,14.09
1337,10000.0,60.0,3916.67,13.98
1338,1600.0,36.0,3200.0,13.49
1339,10000.0,36.0,4583.33,14.09
1340,12000.0,60.0,4166.67,13.99
1341,8000.0,36.0,2791.67,13.67
1342,4000.0,36.0,1600.0,12.69
1343,24375.0,36.0,10416.67,13.11
1344,10000.0,36.0,9000.0,12.12
1345,7000.0,36.0,3833.33,16.29
1346,10000.0,36.0,2916.67,14.09
1347,10000.0,36.0,4333.33,11.71
1348,12000.0,36.0,3333.33,14.33
1349,4000.0,60.0,4721.0,16.82
1350,17000.0,36.0,10666.67,13.11
1351,15000.0,36.0,9083.33,6.99
1352,4800.0,36.0,3500.0,12.42
1353,35000.0,60.0,9166.67,21.98
1354,10000.0,36.0,4958.33,13.11
1355,3500.0,36.0,7500.0,7.62
1356,25000.0,36.0,8000.0,16.63
1358,9600.0,36.0,5416.67,14.17
1359,7750.0,36.0,4766.67,6.03
1360,5000.0,36.0,6612.0,15.8
1361,8000.0,36.0,3083.33,15.31
1362,35000.0,60.0,20833.33,21.67
1363,6625.0,36.0,10268.25,17.77
1364,25000.0,36.0,10000.0,14.33
1365,15000.0,36.0,3500.0,13.99
1366,12800.0,36.0,2833.33,8.94
1367,7000.0,36.0,2750.0,6.03
1368,20800.0,36.0,5833.33,12.21
1369,7275.0,36.0,7000.0,7.9
1370,4000.0,36.0,6666.67,11.14
1371,6000.0,36.0,4416.67,17.49
1372,25200.0,60.0,7166.67,20.3
1373,6000.0,36.0,7250.0,11.89
1374,6000.0,36.0,3500.0,12.42
1375,19000.0,60.0,4500.0,19.72
1376,8000.0,36.0,3666.67,6.62
1377,9450.0,36.0,4666.67,12.12
1378,12000.0,36.0,6250.0,10.16
1379,12000.0,36.0,8054.5,10.16
1380,8000.0,36.0,2625.0,13.11
1381,6575.0,36.0,7500.0,8.9
1382,35000.0,60.0,9583.33,22.47
1383,9050.0,36.0,5166.67,13.11
1384,1800.0,36.0,4250.0,11.49
1385,32400.0,60.0,8750.0,12.12
1386,28000.0,60.0,6125.0,22.78
1387,5400.0,36.0,1666.67,13.67
1388,7200.0,60.0,3000.0,10.38
1389,10000.0,36.0,8750.0,14.09
1390,8000.0,36.0,5292.0,14.09
1391,4000.0,36.0,9583.33,12.69
1392,8000.0,36.0,5833.33,5.79
1393,24000.0,36.0,11666.67,7.88
1394,6000.0,36.0,7500.0,15.31
1395,10000.0,36.0,4300.0,7.51
1396,12500.0,36.0,8237.5,7.49
1397,10500.0,36.0,4853.33,6.62
1398,32550.0,36.0,9166.67,6.62
1399,6000.0,60.0,13625.0,17.19
1400,20000.0,36.0,13583.33,18.49
1401,6000.0,36.0,2625.0,13.11
1402,14000.0,36.0,9166.67,14.09
1403,16000.0,36.0,6083.33,13.11
1404,7000.0,36.0,10250.0,10.16
1405,13000.0,36.0,3250.0,14.09
1406,9500.0,60.0,6000.0,15.95
1407,33500.0,60.0,13863.42,17.14
1408,12000.0,36.0,2916.67,12.42
1409,25000.0,36.0,8750.0,14.59
1410,35000.0,60.0,5416.67,16.89
1411,8000.0,36.0,4583.33,15.8
1412,17475.0,36.0,4500.0,12.12
1413,8875.0,36.0,2166.67,13.11
1414,12100.0,36.0,5000.0,13.67
1415,8000.0,36.0,3750.0,12.42
1416,10000.0,36.0,5541.67,15.81
1417,10000.0,36.0,5416.67,18.55
1418,18000.0,36.0,3333.33,9.91
1419,19600.0,36.0,4166.67,16.29
1420,16000.0,36.0,3600.0,12.98
1421,24000.0,36.0,12500.0,10.99
1422,28000.0,36.0,14166.67,7.62
1423,25000.0,60.0,7750.0,15.8
1424,1625.0,36.0,1666.67,15.31
1425,8000.0,60.0,4833.33,14.83
1426,17500.0,36.0,3750.0,14.09
1427,6000.0,36.0,4166.67,13.11
1428,6000.0,36.0,4116.67,7.9
1429,20375.0,60.0,5416.67,14.09
1430,16200.0,36.0,4666.67,8.9
1431,10000.0,36.0,3916.67,11.14
1432,25000.0,36.0,7250.0,14.84
1433,24000.0,36.0,8750.0,12.12
1434,7200.0,36.0,4500.0,14.82
1435,9000.0,36.0,3250.0,15.8
1436,30000.0,60.0,7916.67,22.47
1437,1675.0,36.0,2080.0,11.11
1438,13000.0,36.0,6932.92,11.71
1439,9000.0,36.0,4229.17,13.11
1440,3000.0,36.0,588.5,13.75
1441,12000.0,36.0,5500.0,15.31
1442,7200.0,36.0,4300.0,7.9
1443,6000.0,36.0,5000.0,15.8
1444,23000.0,60.0,4583.33,6.91
1445,10000.0,36.0,7500.0,9.63
1446,10000.0,36.0,7500.0,8.63
1447,5375.0,36.0,2166.67,11.71
1448,4800.0,36.0,3750.0,7.88
1449,15200.0,60.0,12083.33,15.58
1450,15000.0,36.0,9166.67,10.25
1451,9600.0,36.0,3833.33,11.14
1452,10000.0,36.0,13166.67,6.62
1453,6000.0,36.0,3264.0,15.96
1454,6625.0,36.0,1916.67,11.14
1455,24250.0,36.0,8910.42,12.18
1456,5000.0,36.0,2500.0,11.97
1457,3000.0,36.0,2750.0,17.27
1458,1500.0,36.0,7083.33,13.06
1459,6000.0,60.0,3458.0,13.49
1460,18625.0,60.0,4000.0,19.72
1461,7000.0,36.0,5000.0,9.32
1462,25000.0,36.0,6083.33,14.09
1463,15000.0,36.0,6666.67,15.27
1464,12000.0,36.0,7125.0,6.62
1465,6900.0,36.0,2750.0,7.9
1466,10000.0,36.0,8333.33,10.59
1467,3200.0,36.0,3750.0,10.16
1468,12000.0,36.0,2516.67,15.27
1469,25000.0,60.0,3333.33,10.36
1470,8500.0,36.0,6091.83,10.16
1471,6800.0,36.0,2708.33,15.8
1472,16000.0,36.0,7333.33,6.03
1473,10000.0,36.0,8750.0,13.11
1474,3600.0,36.0,6290.0,13.24
1475,10000.0,36.0,3750.0,15.31
1476,4000.0,36.0,2916.67,15.23
1477,20000.0,36.0,8333.33,18.75
1478,20000.0,36.0,14166.67,13.11
1479,25000.0,36.0,6666.67,12.87
1480,19000.0,60.0,7500.0,10.75
1481,8000.0,36.0,5000.0,18.49
1482,28000.0,36.0,6250.0,15.62
1483,10000.0,36.0,6083.33,7.29
1484,11200.0,36.0,2773.33,13.92
1485,6000.0,36.0,4166.67,12.12
1486,9175.0,36.0,7083.33,13.67
1487,10000.0,36.0,9150.0,10.99
1488,17000.0,36.0,5416.67,9.76
1489,15000.0,36.0,7500.0,14.33
1490,30000.0,60.0,7500.0,22.95
1491,5000.0,36.0,4166.67,7.9
1492,7625.0,36.0,3166.67,18.49
1493,8525.0,36.0,4583.33,10.16
1494,10000.0,36.0,3625.0,14.33
1495,10375.0,36.0,4166.67,19.72
1496,20000.0,60.0,5200.0,10.65
1497,6000.0,36.0,7750.0,7.9
1498,2000.0,36.0,4333.33,7.62
1499,23850.0,60.0,4250.0,21.48
1500,12000.0,60.0,3376.0,19.69
1501,17500.0,60.0,3500.0,13.23
1502,11500.0,36.0,2750.0,11.14
1503,2000.0,36.0,2000.0,16.0
1505,20000.0,60.0,5666.67,22.78
1506,10000.0,36.0,4166.67,13.99
1507,12000.0,36.0,6416.67,15.31
1508,14000.0,36.0,4250.0,6.62
1509,19400.0,36.0,4583.33,14.33
1510,3300.0,36.0,3125.0,10.37
1511,16450.0,36.0,7500.0,11.14
1512,26500.0,60.0,4416.67,18.25
1513,10000.0,36.0,5800.0,11.71
1514,14500.0,36.0,6250.0,14.09
1515,4000.0,36.0,2900.0,10.74
1516,8000.0,36.0,12500.0,12.21
1517,8000.0,36.0,2500.0,10.99
1518,2500.0,36.0,2000.0,10.37
1519,4200.0,36.0,1558.42,14.11
1520,8250.0,60.0,2917.0,15.96
1521,21700.0,36.0,5147.17,15.31
1522,10000.0,36.0,2940.25,6.03
1523,5000.0,36.0,18750.0,7.49
1524,12800.0,36.0,10000.0,14.65
1525,10000.0,36.0,3333.33,10.16
1526,35000.0,36.0,8750.0,8.9
1527,32000.0,60.0,16666.67,23.76
1528,10000.0,36.0,5250.0,14.96
1529,7000.0,36.0,2375.0,10.0
1530,3200.0,36.0,2500.0,17.27
1531,6500.0,36.0,6000.0,8.9
1532,20000.0,60.0,7083.33,14.33
1533,12000.0,36.0,11166.67,12.12
1534,12000.0,36.0,3980.33,20.49
1535,8400.0,36.0,7583.0,10.99
1536,5500.0,36.0,1800.0,12.69
1537,14100.0,36.0,3000.0,18.55
1538,22750.0,60.0,4333.33,22.47
1539,4500.0,36.0,2916.67,11.14
1540,12000.0,36.0,5666.67,7.62
1541,30000.0,60.0,5833.33,18.64
1542,16000.0,60.0,5000.0,21.49
1543,6250.0,36.0,1916.67,7.9
1544,9250.0,60.0,4448.0,18.79
1545,10000.0,36.0,2500.0,12.68
1546,10000.0,36.0,5000.0,14.09
1547,19000.0,60.0,3617.21,15.31
1548,3500.0,36.0,15000.0,10.28
1549,3000.0,36.0,1000.0,8.9
1550,2500.0,36.0,5130.42,14.65
1551,3600.0,36.0,3666.67,16.29
1552,5000.0,36.0,8166.67,15.96
1553,24000.0,60.0,7500.0,19.03
1554,12700.0,36.0,3333.33,11.14
1555,8000.0,36.0,4333.33,11.14
1556,5000.0,60.0,3000.0,17.14
1557,6600.0,36.0,6250.0,6.03
1558,21850.0,36.0,10000.0,15.8
1559,1200.0,36.0,3833.33,15.8
1560,24000.0,36.0,7233.33,7.9
1561,7750.0,36.0,4208.33,13.11
1562,30000.0,36.0,10416.67,7.51
1563,14075.0,36.0,10416.67,16.29
1564,2500.0,60.0,3958.0,10.59
1565,11600.0,36.0,5833.33,6.99
1566,21600.0,36.0,9000.0,10.59
1567,18000.0,60.0,6500.0,21.48
1568,8000.0,36.0,2800.0,10.38
1569,4000.0,36.0,2250.0,12.12
1570,12000.0,36.0,9666.67,6.62
1571,15000.0,36.0,3000.0,13.49
1572,8600.0,36.0,4500.0,13.99
1573,16000.0,36.0,5416.67,8.49
1574,12000.0,36.0,5166.67,12.12
1575,2500.0,36.0,5833.33,17.27
1576,20000.0,36.0,2416.67,10.62
1577,13000.0,36.0,10533.33,10.38
1578,5000.0,36.0,6250.0,10.16
1579,20000.0,36.0,6650.0,11.14
1580,2000.0,36.0,2083.33,14.65
1581,20000.0,36.0,6166.67,12.69
1582,20000.0,36.0,3750.0,12.12
1583,35000.0,60.0,10416.67,16.49
1584,12000.0,36.0,3083.33,17.77
1585,18000.0,60.0,5734.08,15.31
1586,8000.0,36.0,7758.33,13.72
1587,35000.0,60.0,7833.33,21.97
1588,2100.0,36.0,2555.16,12.12
1589,12375.0,36.0,2083.33,13.67
1590,8000.0,36.0,5833.33,17.27
1591,10000.0,36.0,10000.0,13.3
1592,13000.0,36.0,2166.67,10.74
1593,7500.0,36.0,7500.0,10.83
1594,12000.0,36.0,20833.33,14.09
1595,14750.0,60.0,2500.0,16.77
1596,20000.0,36.0,3750.0,13.99
1597,11000.0,36.0,4666.67,13.67
1598,13000.0,60.0,3302.0,14.27
1599,15000.0,36.0,5000.0,13.11
1600,8000.0,36.0,7083.33,7.9
1601,35000.0,60.0,20833.33,13.11
1602,7500.0,36.0,3348.0,19.99
1603,20000.0,36.0,4333.33,7.9
1604,20800.0,36.0,11666.67,11.48
1605,12000.0,36.0,3750.0,14.11
1606,16475.0,60.0,3333.33,14.33
1607,6000.0,36.0,5416.67,13.11
1608,16000.0,60.0,5083.33,16.29
1609,10000.0,60.0,6800.0,18.64
1610,13000.0,36.0,3358.33,14.33
1611,14300.0,36.0,7750.0,14.09
1612,10000.0,36.0,2870.42,8.9
1613,12000.0,36.0,3916.67,10.37
1614,6000.0,36.0,4250.0,14.09
1615,20000.0,60.0,5373.33,17.51
1616,21000.0,60.0,7083.33,11.14
1617,2200.0,36.0,6666.67,13.49
1618,25000.0,60.0,5000.0,22.47
1619,7900.0,36.0,3000.0,13.67
1620,10000.0,36.0,7500.0,5.42
1621,33000.0,36.0,102750.0,7.62
1622,10000.0,36.0,7500.0,15.62
1623,15000.0,36.0,6250.0,11.71
1624,20000.0,60.0,5833.0,18.3
1625,5425.0,36.0,6333.33,8.49
1626,8000.0,36.0,4166.67,13.11
1627,10000.0,36.0,3833.33,9.99
1628,3000.0,36.0,3833.0,14.27
1629,32000.0,36.0,19166.67,17.27
1630,5000.0,60.0,1667.0,6.17
1631,35000.0,60.0,7916.67,21.28
1632,8325.0,36.0,2000.0,17.77
1633,9000.0,36.0,4583.33,17.77
1634,20000.0,60.0,5416.67,11.71
1635,9750.0,36.0,2518.67,15.31
1636,10000.0,36.0,3750.0,14.96
1637,12000.0,36.0,5000.0,10.62
1638,10000.0,36.0,4500.0,11.71
1639,15000.0,36.0,4083.33,13.11
1640,35000.0,36.0,10416.67,8.9
1641,14000.0,36.0,8333.33,10.25
1642,5000.0,36.0,3750.0,15.8
1643,20675.0,60.0,3916.67,17.27
1644,17000.0,36.0,9166.67,13.98
1645,3000.0,36.0,1000.0,13.75
1646,15000.0,36.0,3750.0,13.06
1647,15000.0,36.0,3166.67,12.12
1648,20125.0,36.0,3750.0,7.62
1649,6000.0,36.0,5500.0,7.88
1650,14675.0,36.0,4416.67,13.11
1651,5000.0,36.0,7083.33,15.31
1652,6000.0,36.0,5000.0,6.62
1653,9000.0,36.0,4500.0,15.27
1654,25000.0,60.0,7916.67,10.36
1655,24000.0,60.0,5686.67,11.12
1656,6000.0,36.0,10000.0,13.99
1657,9200.0,36.0,2416.67,7.49
1658,4000.0,60.0,4000.0,18.64
1659,12000.0,36.0,3416.67,13.11
1660,10000.0,36.0,6000.0,19.91
1661,18750.0,60.0,4833.33,18.25
1662,35000.0,36.0,12083.33,7.9
1663,35000.0,60.0,10000.0,17.27
1664,15000.0,36.0,5132.0,15.21
1665,18000.0,60.0,5666.67,10.99
1666,21850.0,60.0,3750.0,13.99
1667,18000.0,60.0,13333.33,13.49
1668,18500.0,36.0,5000.0,12.99
1669,10000.0,36.0,3746.58,11.71
1670,2400.0,36.0,2000.0,10.74
1671,2000.0,36.0,1600.0,6.17
1672,35000.0,36.0,11000.0,18.49
1673,12000.0,60.0,9866.0,8.9
1674,17000.0,36.0,5083.33,13.11
1675,13600.0,36.0,10000.0,8.9
1677,5000.0,36.0,1750.0,7.62
1678,8000.0,36.0,3750.0,7.9
1679,24250.0,60.0,5000.0,18.62
1680,12825.0,36.0,3416.67,17.77
1681,30000.0,60.0,11250.0,24.33
1682,10400.0,36.0,6166.67,13.11
1683,12300.0,36.0,3083.33,13.11
1684,10000.0,36.0,3816.67,12.12
1685,5000.0,36.0,3166.67,9.91
1686,3000.0,60.0,4416.67,19.99
1687,15000.0,60.0,5666.67,12.99
1688,35000.0,60.0,7331.25,23.76
1689,10000.0,36.0,5416.67,10.74
1690,6500.0,60.0,2738.67,10.38
1691,15000.0,60.0,6166.67,11.86
1692,20000.0,60.0,5000.0,6.54
1693,2000.0,36.0,2916.67,13.11
1694,5000.0,36.0,2298.75,7.9
1695,5000.0,36.0,4166.67,15.31
1696,22500.0,36.0,5208.33,7.9
1697,6000.0,36.0,6250.0,6.03
1698,18000.0,60.0,5416.67,18.75
1699,21000.0,60.0,8416.67,19.05
1700,5300.0,36.0,5500.0,7.9
1701,6000.0,36.0,2300.0,10.38
1702,3000.0,36.0,4789.33,14.09
1703,9000.0,36.0,5833.33,9.76
1704,3000.0,36.0,4820.0,18.25
1705,26500.0,60.0,5416.67,9.76
1706,7500.0,36.0,4166.67,16.4
1707,4000.0,36.0,3168.0,10.16
1708,10000.0,60.0,4300.0,17.99
1709,2200.0,36.0,2500.0,15.23
1710,7000.0,36.0,3041.67,13.16
1711,10000.0,36.0,5000.0,15.8
1712,24575.0,36.0,5250.0,16.29
1713,17000.0,36.0,5083.33,11.49
1714,7200.0,36.0,5666.67,7.9
1715,7200.0,36.0,4166.67,12.12
1716,20000.0,36.0,8083.33,6.17
1717,12000.0,36.0,5250.0,6.62
1718,9600.0,60.0,5500.0,14.46
1719,12000.0,36.0,3333.33,15.31
1720,14675.0,36.0,3150.0,14.33
1721,16800.0,60.0,6666.67,14.33
1722,30000.0,36.0,22916.67,10.59
1723,5000.0,60.0,6833.33,15.21
1724,4500.0,36.0,2166.67,8.49
1725,4500.0,36.0,3250.0,6.54
1726,20000.0,60.0,11250.0,23.91
1727,3250.0,36.0,5000.0,12.73
1728,16000.0,36.0,12916.67,6.03
1729,3800.0,36.0,4333.33,21.98
1730,33600.0,60.0,20000.0,20.3
1731,18000.0,60.0,3750.0,20.49
1732,9000.0,36.0,5166.67,15.05
1733,3000.0,36.0,5416.67,5.79
1734,25000.0,36.0,14166.67,13.11
1735,9250.0,36.0,3333.33,12.12
1736,12250.0,36.0,2916.67,18.75
1737,15000.0,36.0,7083.33,10.65
1738,10750.0,36.0,2750.0,8.9
1739,6250.0,36.0,1779.17,13.11
1740,8000.0,36.0,5000.0,14.09
1741,3000.0,36.0,2083.33,12.69
1742,10000.0,36.0,2500.0,11.14
1743,12200.0,60.0,6666.67,21.48
1744,9600.0,36.0,2750.0,14.33
1745,5600.0,36.0,2500.0,12.92
1746,13475.0,36.0,2250.0,12.12
1747,25000.0,36.0,5416.67,15.31
1748,4350.0,36.0,2600.0,5.99
1749,7000.0,36.0,5000.0,18.49
1750,19000.0,36.0,5166.67,7.9
1751,25475.0,60.0,5000.67,19.03
1752,1400.0,36.0,4583.33,12.69
1753,4000.0,60.0,3500.0,11.71
1754,15000.0,36.0,5416.67,12.12
1755,9600.0,36.0,4389.92,11.14
1756,10000.0,36.0,3333.33,14.09
1757,6000.0,36.0,9367.0,13.23
1758,6000.0,36.0,5750.0,11.12
1759,15000.0,60.0,12500.0,17.93
1760,4000.0,36.0,3333.33,11.14
1761,32000.0,60.0,7055.0,16.29
1762,24250.0,36.0,12000.0,11.83
1763,9000.0,60.0,10000.0,11.49
1764,4200.0,36.0,2750.0,11.36
1765,9000.0,36.0,2500.0,14.65
1766,10625.0,36.0,3333.33,7.9
1767,10000.0,36.0,5416.67,9.76
1768,7050.0,36.0,5624.0,13.49
1769,7350.0,36.0,4000.0,11.12
1770,8450.0,36.0,3000.0,7.9
1771,12000.0,60.0,4186.0,14.83
1772,14575.0,36.0,3833.33,19.05
1773,2500.0,36.0,3166.67,13.22
1774,4800.0,60.0,1600.0,7.88
1775,12000.0,36.0,7500.0,6.03
1776,13600.0,36.0,11250.0,6.62
1777,10500.0,36.0,6666.67,12.12
1778,5175.0,36.0,1500.0,17.77
1779,28200.0,60.0,5900.0,10.16
1780,2500.0,36.0,2583.33,8.9
1781,14400.0,36.0,10408.0,11.99
1782,5000.0,36.0,5520.0,5.79
1783,13750.0,36.0,3000.0,14.09
1784,9000.0,36.0,5708.33,7.88
1785,20000.0,36.0,5050.0,11.89
1786,5000.0,36.0,3000.0,8.9
1787,20000.0,60.0,4166.67,13.99
1788,16000.0,36.0,7415.83,17.99
1789,10050.0,36.0,2500.0,6.03
1790,8475.0,36.0,3983.33,7.62
1792,5000.0,36.0,3033.0,6.03
1793,10000.0,36.0,6250.0,13.11
1794,9600.0,36.0,11250.0,7.62
1795,5500.0,36.0,5416.67,15.8
1796,24000.0,36.0,5577.26,16.29
1797,12000.0,60.0,5683.0,13.23
1798,16950.0,60.0,3583.33,17.27
1799,12000.0,36.0,5129.0,17.99
1800,4800.0,36.0,1750.0,10.75
1801,15000.0,36.0,9000.0,13.11
1802,12000.0,36.0,7166.67,7.51
1803,15000.0,36.0,5416.67,14.65
1804,20000.0,60.0,6250.0,18.64
1805,8500.0,36.0,3333.33,15.31
1806,2800.0,36.0,3458.0,14.17
1807,9600.0,36.0,5833.33,14.65
1808,12000.0,36.0,13333.33,18.75
1809,4800.0,60.0,3333.0,14.65
1810,9600.0,36.0,3458.33,10.74
1811,5000.0,36.0,3333.33,11.14
1812,18000.0,60.0,10583.33,19.72
1813,15000.0,36.0,6666.67,13.49
1814,10000.0,36.0,5208.33,6.62
1815,22000.0,60.0,5416.67,15.8
1816,12000.0,36.0,4166.67,19.22
1817,14475.0,36.0,4166.67,15.27
1818,5000.0,36.0,6000.0,13.93
1819,1000.0,36.0,4583.33,8.59
1820,18000.0,60.0,6867.92,19.22
1821,20000.0,36.0,5416.67,11.71
1822,3800.0,36.0,3583.33,6.99
1823,35000.0,36.0,18333.33,7.9
1824,23000.0,36.0,7083.33,15.81
1825,7000.0,36.0,2300.0,7.9
1826,25000.0,60.0,6000.0,20.77
1827,25000.0,60.0,8000.0,20.53
1828,19800.0,36.0,6666.67,13.23
1829,19425.0,60.0,3225.23,12.42
1830,16000.0,60.0,17500.0,15.58
1831,4500.0,36.0,1250.0,12.12
1832,10000.0,36.0,7166.67,17.77
1833,7000.0,36.0,7583.33,8.0
1834,7000.0,36.0,3333.33,10.65
1835,3000.0,36.0,5000.0,14.59
1836,7500.0,60.0,1820.0,11.11
1837,16000.0,60.0,11250.0,15.31
1838,2800.0,36.0,2083.33,10.16
1839,14700.0,36.0,3100.0,12.29
1840,15000.0,36.0,8750.0,12.53
1841,20700.0,60.0,6250.0,16.29
1842,2200.0,36.0,7167.92,11.71
1843,1750.0,36.0,2000.0,7.88
1844,7200.0,36.0,5416.67,7.9
1845,10000.0,36.0,5833.33,10.99
1846,28000.0,60.0,10813.17,19.42
1847,5000.0,60.0,4167.0,11.99
1848,17475.0,36.0,3333.33,9.91
1849,16000.0,36.0,5416.67,14.59
1850,15475.0,36.0,3750.0,14.09
1851,21850.0,60.0,4628.0,16.29
1852,23500.0,36.0,4000.0,14.65
1853,5600.0,36.0,3166.67,7.91
1854,6000.0,36.0,5166.67,10.16
1855,10800.0,36.0,9583.33,14.65
1856,5500.0,36.0,3583.33,11.89
1857,20000.0,60.0,4167.0,13.99
1858,8000.0,36.0,5666.67,7.49
1859,1000.0,36.0,884.9,22.95
1860,3600.0,36.0,5666.67,7.74
1861,24000.0,60.0,6500.0,21.0
1862,12000.0,60.0,3000.0,19.91
1863,11050.0,36.0,5250.0,14.74
1864,20000.0,36.0,10400.0,7.9
1865,5775.0,36.0,5000.0,15.31
1866,10375.0,36.0,4500.0,7.9
1867,3500.0,36.0,4333.33,7.62
1868,2500.0,36.0,4333.33,11.14
1869,6200.0,36.0,1940.0,15.31
1870,29000.0,36.0,7666.67,17.77
1871,6900.0,36.0,4166.67,14.09
1872,7450.0,36.0,5883.33,13.06
1873,24250.0,36.0,18750.0,12.53
1874,8000.0,36.0,5833.33,17.27
1875,20000.0,36.0,7750.0,21.49
1876,14400.0,36.0,3333.33,13.11
1877,19750.0,60.0,4000.0,20.77
1878,15500.0,36.0,3333.33,17.77
1879,7400.0,36.0,4166.25,13.99
1880,19000.0,36.0,2964.67,13.72
1881,5000.0,36.0,9288.33,11.71
1882,5000.0,36.0,5166.67,7.74
1883,12000.0,60.0,5000.0,16.32
1884,2800.0,36.0,3583.33,7.9
1885,31000.0,60.0,5833.33,21.0
1886,24000.0,60.0,11666.67,23.63
1887,12000.0,36.0,12500.0,9.91
1888,17500.0,60.0,4166.67,21.0
1889,8000.0,36.0,5250.0,16.29
1890,4600.0,36.0,6500.0,7.66
1891,7200.0,60.0,2944.0,11.49
1892,12000.0,36.0,7666.67,12.12
1893,30000.0,60.0,6666.67,16.29
1894,1200.0,36.0,2166.67,15.8
1895,20000.0,36.0,8161.33,6.62
1896,10000.0,36.0,2500.0,10.74
1897,15000.0,60.0,4500.0,12.69
1898,18000.0,60.0,5562.92,22.47
1899,16000.0,60.0,3416.67,19.22
1900,20000.0,36.0,7238.92,13.11
1901,6000.0,36.0,2625.0,9.99
1902,9600.0,36.0,5166.67,18.39
1903,10050.0,36.0,7266.67,14.33
1904,4000.0,60.0,3700.0,19.22
1905,12800.0,36.0,5000.0,12.12
1906,7000.0,36.0,10000.0,6.62
1907,3000.0,36.0,3458.33,7.9
1908,10000.0,36.0,3500.0,17.27
1909,12000.0,60.0,5445.0,17.49
1910,25800.0,36.0,4833.33,13.11
1911,6000.0,36.0,2100.0,7.9
1912,18225.0,36.0,4850.0,12.12
1913,21000.0,60.0,16416.67,18.49
1914,20000.0,60.0,4000.0,16.89
1915,18000.0,36.0,3333.33,12.12
1916,12000.0,36.0,12500.0,6.62
1917,4500.0,36.0,2666.67,6.76
1918,2225.0,36.0,3250.0,14.65
1919,20000.0,36.0,5458.33,13.22
1920,7000.0,36.0,3833.0,15.13
1921,10000.0,36.0,3125.0,8.94
1922,3000.0,36.0,2000.0,10.74
1923,10000.0,36.0,2500.0,6.99
1924,35000.0,36.0,13333.33,17.58
1925,5000.0,36.0,3250.0,12.98
1926,21000.0,36.0,7916.67,13.67
1927,18000.0,36.0,10500.0,8.9
1928,20000.0,60.0,12500.0,22.78
1929,4200.0,36.0,10416.67,7.62
1930,14075.0,36.0,4000.0,15.31
1931,14400.0,36.0,4583.33,14.18
1932,12000.0,36.0,2916.67,16.29
1933,8800.0,36.0,3833.33,14.27
1934,5000.0,36.0,3333.33,9.76
1935,7500.0,36.0,7083.33,10.99
1936,7200.0,60.0,5500.0,19.91
1937,30000.0,36.0,8333.33,15.31
1938,5000.0,36.0,4166.67,7.14
1939,30000.0,36.0,8791.67,22.78
1940,20000.0,36.0,10416.67,11.71
1941,2400.0,36.0,2700.0,16.77
1942,30000.0,36.0,8000.0,10.16
1943,24000.0,60.0,7695.08,9.62
1944,17500.0,36.0,25000.0,8.9
1945,8450.0,36.0,2083.33,18.49
1946,12000.0,36.0,7083.33,16.29
1947,5000.0,60.0,3083.0,13.99
1948,3600.0,36.0,1500.0,6.91
1949,15875.0,60.0,3000.0,15.28
1950,2350.0,36.0,1833.33,14.09
1951,20000.0,36.0,4583.33,11.71
1952,15000.0,60.0,4407.0,14.91
1953,8000.0,36.0,3500.0,7.9
1954,25000.0,36.0,7500.0,7.9
1955,15000.0,36.0,9583.33,8.9
1956,1400.0,36.0,4683.33,9.76
1957,9950.0,36.0,2500.0,13.11
1958,3000.0,36.0,4166.67,9.91
1959,10400.0,36.0,3333.33,12.12
1960,14550.0,36.0,4583.33,13.11
1961,7000.0,36.0,3916.67,12.12
1962,35000.0,60.0,13333.33,19.72
1963,3725.0,36.0,11666.67,10.59
1964,3900.0,36.0,2583.33,12.12
1965,18000.0,60.0,7500.0,19.05
1966,7500.0,36.0,3750.0,11.03
1967,3600.0,36.0,8750.0,16.77
1968,5400.0,36.0,666.67,7.75
1969,4000.0,36.0,3750.0,17.27
1970,20000.0,60.0,4500.0,12.69
1971,4075.0,36.0,3750.0,5.42
1972,4200.0,36.0,3041.67,8.9
1973,24000.0,36.0,10737.5,24.89
1974,10000.0,36.0,13750.0,6.03
1975,6000.0,36.0,5083.33,14.09
1976,6000.0,36.0,4183.33,16.29
1977,4000.0,36.0,8583.33,14.09
1978,16000.0,60.0,5500.0,16.45
1979,10000.0,36.0,5416.67,13.11
1980,1200.0,36.0,3833.33,7.62
1981,21000.0,36.0,6250.0,10.0
1982,5000.0,36.0,5416.67,5.79
1983,3000.0,36.0,4167.0,8.59
1984,12000.0,36.0,4166.67,14.33
1985,12000.0,36.0,10000.0,7.9
1986,18225.0,36.0,3083.33,17.99
1987,7000.0,36.0,4583.33,6.92
1988,25000.0,36.0,9000.0,14.27
1989,18000.0,36.0,9333.33,18.49
1990,6000.0,36.0,4583.33,15.23
1992,24000.0,60.0,5000.0,17.49
1993,8400.0,36.0,2083.33,10.74
1994,25225.0,36.0,6500.0,12.12
1995,6400.0,36.0,5166.67,10.08
1996,10000.0,36.0,3416.67,14.96
1997,25000.0,60.0,8917.0,15.23
1998,35000.0,60.0,8083.33,18.25
1999,2800.0,36.0,3250.0,8.9
2000,24000.0,36.0,18483.0,17.15
2001,24000.0,60.0,4583.33,24.2
2002,15000.0,60.0,1958.33,9.99
2003,16000.0,36.0,6666.67,11.12
2004,6075.0,36.0,1083.33,7.62
2005,4000.0,36.0,3417.0,7.68
2006,4500.0,36.0,2166.67,8.9
2007,14000.0,36.0,6000.0,6.03
2008,13250.0,36.0,5750.0,6.62
2009,10000.0,36.0,5000.0,12.12
2010,3600.0,36.0,3333.33,12.12
2011,15000.0,60.0,7236.67,14.09
2012,10000.0,36.0,4166.67,13.49
2013,16400.0,36.0,6074.17,13.79
2014,18000.0,36.0,8333.33,13.48
2015,20000.0,36.0,5250.0,15.31
2016,8400.0,36.0,3333.33,14.33
2017,7200.0,36.0,2500.0,17.27
2018,15000.0,36.0,7500.0,8.9
2019,7000.0,36.0,4700.0,8.9
2020,6000.0,36.0,2100.0,7.49
2021,35000.0,60.0,10416.67,20.49
2022,13800.0,60.0,4166.67,17.49
2023,6000.0,36.0,3750.0,7.9
2024,2200.0,36.0,3333.33,13.87
2025,3500.0,36.0,7247.0,7.9
2026,7000.0,36.0,4333.33,17.77
2027,25000.0,60.0,5666.67,19.72
2028,32350.0,36.0,6000.0,18.49
2029,7200.0,36.0,5000.0,13.49
2030,12000.0,36.0,13166.67,13.11
2031,4575.0,36.0,1280.0,11.14
2032,12800.0,36.0,4750.0,12.12
2033,23400.0,36.0,5580.0,7.49
2034,35000.0,36.0,12083.33,7.9
2035,9000.0,36.0,3750.0,15.81
2036,4200.0,36.0,3000.0,10.59
2037,12000.0,60.0,3583.33,11.99
2038,20000.0,60.0,6266.67,23.76
2039,21000.0,60.0,6750.0,18.79
2040,12000.0,36.0,4583.33,17.27
2041,10000.0,36.0,2250.0,14.09
2042,18400.0,60.0,7400.0,19.42
2043,2500.0,36.0,6250.0,11.99
2044,6500.0,36.0,6400.0,5.79
2045,5500.0,36.0,7500.0,19.05
2046,7000.0,36.0,5000.0,12.53
2047,9000.0,36.0,5166.67,17.27
2048,21850.0,60.0,4166.67,17.27
2049,1000.0,36.0,4666.67,11.49
2050,24000.0,36.0,6666.67,14.65
2051,13475.0,36.0,5666.67,12.12
2052,7000.0,36.0,3333.33,17.77
2053,3800.0,36.0,3666.67,14.65
2054,3625.0,36.0,6666.67,16.29
2055,30000.0,36.0,9166.67,19.05
2056,7000.0,36.0,4166.67,14.11
2057,5000.0,36.0,8666.67,7.9
2058,2000.0,36.0,2766.67,15.31
2059,18000.0,36.0,4250.0,7.49
2060,15575.0,36.0,6250.0,13.67
2061,21850.0,60.0,5833.33,23.28
2062,24000.0,36.0,7500.0,14.33
2063,1900.0,36.0,2860.0,12.84
2064,10000.0,36.0,6666.67,8.9
2065,12000.0,36.0,5666.67,16.29
2066,12375.0,36.0,4416.67,13.49
2067,4000.0,36.0,3333.33,12.12
2068,8000.0,36.0,2083.33,17.77
2069,5500.0,36.0,3916.67,7.14
2070,12000.0,36.0,5833.33,17.56
2071,12000.0,60.0,9166.67,12.99
2072,18000.0,36.0,5250.0,16.29
2073,1500.0,36.0,5000.0,12.99
2074,17000.0,36.0,3083.33,7.9
2075,8000.0,36.0,7300.0,7.9
2076,12000.0,36.0,3916.67,13.11
2077,6950.0,36.0,4583.33,10.74
2078,15000.0,36.0,9166.67,14.33
2079,5000.0,36.0,1666.67,7.51
2080,9000.0,36.0,3000.0,10.65
2081,18550.0,36.0,3941.0,12.12
2082,10000.0,36.0,4583.33,9.76
2083,35000.0,60.0,9166.67,19.05
2084,15000.0,36.0,5000.0,10.16
2085,13200.0,36.0,3833.33,14.33
2086,30000.0,60.0,6250.0,19.74
2087,14000.0,36.0,10416.67,13.11
2088,20000.0,60.0,6125.0,10.74
2089,10000.0,36.0,2791.67,14.65
2090,10000.0,36.0,3750.0,10.74
2091,11000.0,36.0,3820.27,11.71
2092,13250.0,36.0,3333.33,10.65
2093,12000.0,60.0,4000.0,16.49
2094,10000.0,36.0,2833.33,10.65
2095,2000.0,36.0,4166.67,16.29
2096,11200.0,60.0,3333.33,13.11
2097,8000.0,36.0,2430.0,7.51
2098,25000.0,36.0,25000.0,11.49
2099,2500.0,36.0,5416.67,13.49
2100,7350.0,36.0,3355.05,12.12
2101,18800.0,60.0,5000.0,14.33
2102,18000.0,36.0,5833.33,14.42
2103,16400.0,60.0,3500.0,13.99
2104,18825.0,60.0,3583.33,17.27
2105,12500.0,36.0,3416.67,13.11
2106,3000.0,36.0,2916.67,18.49
2107,25975.0,60.0,4583.33,13.11
2108,10000.0,36.0,6458.33,13.99
2109,6000.0,36.0,11833.33,15.31
2110,30000.0,36.0,9000.0,15.31
2111,18000.0,36.0,5166.67,14.46
2112,10000.0,36.0,6666.67,13.47
2113,2075.0,36.0,2250.0,10.16
2114,25000.0,60.0,5458.33,15.8
2115,10000.0,36.0,2629.0,13.99
2116,35000.0,60.0,14166.67,21.97
2117,35000.0,36.0,13750.0,19.05
2118,6000.0,36.0,2333.33,10.16
2119,14000.0,36.0,4583.33,9.99
2120,20000.0,36.0,7083.33,8.9
2121,21850.0,60.0,4400.0,18.79
2122,11000.0,36.0,6667.0,12.53
2123,2000.0,36.0,7583.33,13.99
2124,3300.0,36.0,3333.33,6.99
2125,5000.0,36.0,7083.33,11.58
2126,20800.0,60.0,6541.67,12.69
2127,8000.0,36.0,5583.33,7.9
2128,6000.0,60.0,8750.0,17.27
2129,3300.0,36.0,2500.0,5.99
2130,5000.0,36.0,8750.0,16.29
2131,9750.0,36.0,2666.67,18.49
2132,14000.0,60.0,5833.33,10.37
2133,18000.0,36.0,6666.67,12.12
2134,10000.0,36.0,8333.33,14.65
2135,4000.0,36.0,2333.33,10.65
2136,22000.0,36.0,6041.67,8.88
2137,21000.0,36.0,7916.67,13.11
2138,5000.0,36.0,3125.0,11.49
2139,23850.0,60.0,5833.33,21.0
2140,8000.0,36.0,7916.67,12.69
2141,21200.0,36.0,7916.67,9.91
2142,7500.0,36.0,4000.0,17.04
2143,4500.0,36.0,6000.0,14.59
2144,5000.0,36.0,6666.67,7.9
2145,12000.0,60.0,5600.0,18.25
2146,10000.0,36.0,3113.83,12.12
2147,9000.0,36.0,9583.33,6.03
2148,8000.0,36.0,1125.0,12.18
2149,1500.0,36.0,5166.67,6.91
2150,4200.0,36.0,6089.44,5.79
2151,7000.0,36.0,4166.67,18.49
2152,10550.0,36.0,5583.33,12.12
2153,20000.0,36.0,4166.67,12.12
2154,25000.0,60.0,7250.0,13.11
2155,12000.0,60.0,4000.0,8.88
2156,5000.0,36.0,6000.0,7.4
2157,16000.0,36.0,9333.33,15.7
2158,4800.0,36.0,5833.33,13.99
2159,17000.0,36.0,4333.33,12.98
2160,28000.0,60.0,4806.0,13.11
2161,24000.0,60.0,8333.33,19.99
2162,15000.0,36.0,5500.0,14.33
2163,20000.0,36.0,5333.33,16.71
2164,16000.0,36.0,12750.0,6.03
2165,6000.0,36.0,6916.67,15.96
2166,9600.0,36.0,4750.0,12.12
2167,17500.0,36.0,9519.75,14.72
2168,7325.0,60.0,3000.0,17.8
2169,10000.0,36.0,2500.0,17.77
2170,1875.0,36.0,1200.0,13.49
2171,8000.0,36.0,2666.67,11.14
2172,19125.0,36.0,4000.0,10.16
2173,1200.0,36.0,1666.67,7.49
2174,4000.0,36.0,4000.0,14.65
2175,1600.0,36.0,2666.67,16.29
2176,14000.0,36.0,7916.67,10.16
2177,9000.0,36.0,5833.33,14.27
2178,9700.0,36.0,7333.33,14.09
2179,10500.0,36.0,2500.0,14.33
2180,30000.0,60.0,6928.13,23.76
2181,11975.0,60.0,5382.0,15.21
2182,8000.0,36.0,2964.17,14.42
2183,25000.0,60.0,5416.67,15.65
2184,7500.0,36.0,2916.67,7.14
2185,7000.0,36.0,3275.0,9.62
2186,30000.0,60.0,12500.0,20.25
2187,12000.0,36.0,6250.0,7.29
2188,11200.0,60.0,6750.0,15.2
2189,5000.0,36.0,5316.67,9.99
2190,10000.0,36.0,2083.33,10.59
2191,13225.0,36.0,5833.33,15.31
2192,10000.0,36.0,5416.67,14.7
2193,12000.0,36.0,3000.0,9.63
2194,16000.0,36.0,5750.0,8.9
2195,30000.0,60.0,7083.33,23.28
2196,4200.0,60.0,3850.0,14.33
2197,19800.0,60.0,6666.67,15.31
2198,18000.0,60.0,9051.83,20.99
2199,7550.0,36.0,8333.33,10.16
